customerkey,calendarkey,websitekey,productkey,order_id,sales,units_sold
996,5,3,1,10000024,465.84,6
25,12,1,1,10000067,28.56,6
194,62,3,1,10000350,192.92,4
113,73,3,1,10000416,39.31,11
503,89,1,1,10000511,18.78,3
692,111,1,1,10000620,1510.68,8
172,118,3,1,10000662,35.89,9
334,180,3,1,10000981,514.7,10
292,214,3,1,10001169,2163.99,12
414,249,1,1,10001382,4846.12,8
542,258,4,1,10001441,261.98,8
183,299,5,1,10001686,22.84,4
299,345,5,1,10001912,21.38,3
136,347,3,1,10001924,227.61,3
515,349,5,1,10001932,32.68,8
941,350,4,1,10001936,35.22,7
287,4,3,2,10000020,53.9,10
967,13,4,2,10000068,3481.76,8
912,24,1,2,10000148,7423.14,12
967,71,4,2,10000397,33.7,5
433,71,2,2,10000399,1642.62,8
600,98,4,2,10000559,3012.34,12
819,120,2,2,10000666,43.4,10
654,149,1,2,10000813,57.08,12
306,153,1,2,10000838,37.38,7
973,190,2,2,10001037,9.72,3
455,200,3,2,10001097,32.45,5
775,230,1,2,10001258,35.04,6
353,232,1,2,10001275,233.45,8
561,241,4,2,10001336,2785.06,11
327,277,3,2,10001544,23.87,3
351,291,2,2,10001639,57.64,11
146,344,1,2,10001908,54.74,11
432,1,5,3,10000002,245.14,2
980,27,1,3,10000162,66.8,10
690,41,5,3,10000237,22.34,3
680,60,1,3,10000335,3157.92,4
763,79,2,3,10000455,8271.64,3
629,79,3,3,10000456,26.12,4
471,88,4,3,10000505,35.9,5
951,94,5,3,10000536,3075.68,6
345,94,3,3,10000539,40.18,6
681,104,2,3,10000581,23.44,3
530,143,4,3,10000786,622.68,6
886,144,5,3,10000788,16.56,2
919,210,4,3,10001140,885.72,10
391,217,2,3,10001183,19.96,2
396,245,2,3,10001359,32.92,4
669,252,5,3,10001399,49.46,7
102,283,2,3,10001581,59.8,10
736,285,2,3,10001590,45.36,7
339,306,4,3,10001710,20.56,2
879,313,2,3,10001756,19.96,2
587,329,2,3,10001834,52.84,8
227,353,3,3,10001956,49.24,8
496,22,3,4,10000136,75.1,10
800,43,4,4,10000247,48.96,6
533,58,1,4,10000324,318.26,2
667,76,5,4,10000438,44.96,6
528,106,5,4,10000600,611.22,12
366,132,2,4,10000722,17.72,2
657,134,3,4,10000731,77.51,11
881,136,2,4,10000740,4851.89,7
121,141,5,4,10000778,86.92,12
285,142,1,4,10000783,62.68,8
358,145,4,4,10000798,9.66,1
602,198,4,4,10001085,50.96,6
834,200,1,4,10001095,37.3,5
334,263,4,4,10001466,33.64,4
21,271,3,4,10001515,53.87,7
592,282,4,4,10001571,90.92,12
737,311,5,4,10001742,55.62,7
503,311,2,4,10001746,53.52,7
581,328,5,4,10001826,88.92,12
823,345,2,4,10001909,3797.08,8
772,350,5,4,10001938,1055.38,3
274,353,3,4,10001955,19.82,2
310,17,3,5,10000097,34.88,3
298,18,1,5,10000106,1737.84,4
364,20,1,5,10000119,85.08,8
309,34,3,5,10000210,1322.71,11
397,52,2,5,10000292,104.1,10
609,63,2,5,10000351,50.64,4
266,76,4,5,10000441,1943.41,1
702,106,5,5,10000595,697.04,3
64,125,3,5,10000692,78.72,7
182,146,1,5,10000802,107.1,10
108,146,3,5,10000804,116.56,11
729,204,3,5,10001107,2628.5,4
953,219,3,5,10001194,313.99,8
378,224,5,5,10001231,39.63,3
651,239,2,5,10001328,90.28,8
419,247,1,5,10001371,505.95,7
313,248,4,5,10001376,1054.3,12
418,253,1,5,10001409,55.05,5
919,262,1,5,10001459,111.1,10
27,275,5,5,10001537,2995.24,4
771,288,1,5,10001610,301.6,5
614,298,2,5,10001679,4092.37,7
852,303,4,5,10001698,80.47,7
631,304,1,5,10001704,5879.71,1
300,307,2,5,10001719,14.91,1
159,335,4,5,10001862,76.47,7
324,349,1,5,10001934,38.04,4
407,352,3,5,10001951,94.64,9
284,41,2,6,10000241,1110.99,3
93,54,2,6,10000302,139.79,11
759,74,2,6,10000420,1281.21,5
386,78,2,6,10000453,135.79,11
652,81,1,6,10000463,32.98,2
897,98,2,6,10000555,151.68,12
885,105,2,6,10000587,89.54,2
885,105,3,6,10000587,89.54,4
132,109,2,6,10000613,114.01,9
955,111,1,6,10000618,82.94,6
330,117,4,6,10000657,55.76,4
48,124,4,6,10000685,130.9,10
290,181,1,6,10000990,66.95,5
925,185,2,6,10001009,94.23,7
396,196,3,6,10001074,6883.68,4
736,199,2,6,10001088,68.45,5
154,211,1,6,10001151,80.94,6
874,226,4,6,10001238,11.19,1
760,263,3,6,10001464,112.46,9
482,287,3,6,10001605,68.7,5
313,306,1,6,10001711,1098.78,2
778,309,3,6,10001728,90.58,7
916,321,2,6,10001784,141.79,11
173,324,2,6,10001806,30.78,2
534,329,2,6,10001835,1174.76,8
917,331,1,6,10001844,78.94,6
531,348,1,6,10001926,126.9,10
293,354,3,6,10001961,112.46,9
262,9,1,7,10000047,178.84,11
21,9,2,7,10000048,160.4,10
110,22,2,7,10000141,97.04,6
964,57,1,7,10000312,128.52,8
336,64,5,7,10000357,61.56,4
873,70,3,7,10000391,22.39,1
950,82,4,7,10000467,38.28,2
161,97,2,7,10000553,70.36,4
178,115,2,7,10000644,116.38,7
595,137,5,7,10000752,604.42,10
693,173,2,7,10000955,127.72,8
996,233,3,7,10001277,428.88,8
339,244,5,7,10001356,563.4,10
81,255,2,7,10001422,133.72,8
514,282,5,7,10001572,89.2,5
616,283,5,7,10001576,259.07,7
435,288,5,7,10001615,504.4,12
394,288,3,7,10001616,112.73,7
41,316,4,7,10001766,145.76,9
406,328,1,7,10001829,808.51,5
712,332,5,7,10001849,83.2,5
726,336,2,7,10001866,7803.36,8
5,352,3,7,10001953,57.17,3
806,6,1,8,10000032,82.65,5
709,67,2,8,10000371,51.29,3
429,81,3,8,10000466,39.96,2
201,98,1,8,10000561,124.24,8
576,106,4,8,10000596,236.29,5
692,111,2,8,10000620,1510.68,12
905,134,2,8,10000729,134.44,8
406,140,2,8,10000772,176.73,11
827,145,2,8,10000793,174.73,11
291,163,1,8,10000908,3386.51,1
195,189,2,8,10001035,3318.85,10
907,202,4,8,10001103,3084.74,8
654,215,1,8,10001174,3612.55,11
837,231,2,8,10001264,174.73,11
384,234,2,8,10001299,180.73,11
596,238,3,8,10001319,84.4,5
211,253,1,8,10001413,177.83,11
209,253,1,8,10001414,4159.24,4
546,324,2,8,10001805,5127.57,4
470,335,3,8,10001858,128.84,8
28,19,1,9,10000114,104.74,6
154,29,4,9,10000177,4262.08,8
968,54,3,9,10000298,15211,10
576,106,3,9,10000596,236.29,2
542,106,5,9,10000599,87.45,5
418,109,5,9,10000612,2125.93,2
240,116,1,9,10000650,440.94,8
384,158,5,9,10000875,247.01,11
11,227,1,9,10001249,27.29,1
165,287,1,9,10001606,14306.9,8
370,297,1,9,10001674,141.32,8
174,22,5,10,10000139,907.12,6
846,47,1,10,10000267,1307.34,3
952,58,1,10,10000320,148.2,7
930,68,1,10,10000378,1201.25,8
799,81,2,10,10000462,3085.82,6
630,117,3,10,10000655,26.55,1
534,153,2,10,10000834,8739.32,12
383,196,2,10,10001076,722.62,4
328,231,5,10,10001270,165.4,8
866,256,3,10,10001425,44.1,2
280,288,5,10,10001618,207,10
698,309,5,10,10001729,3817.4,4
625,332,1,10,10001851,418.1,9
751,338,1,10,10001871,24.6,1
93,2,3,11,10000011,7248.06,2
699,3,4,11,10000013,256.7,9
791,14,1,11,10000073,25.1,1
509,16,5,11,10000085,65.6,2
481,20,2,11,10000118,275,10
872,21,1,11,10000126,334.2,12
912,24,3,11,10000148,7423.14,8
874,27,5,11,10000163,332.6,12
554,27,1,11,10000167,38.1,1
473,50,5,11,10000285,3238.4,4
694,62,2,11,10000347,140,5
716,66,1,11,10000366,280.62,1
243,134,5,11,10000732,3208.07,2
881,136,5,11,10000740,4851.89,9
182,136,1,11,10000748,65.2,2
570,146,3,11,10000800,169.3,6
556,164,1,11,10000911,305.1,11
150,165,1,11,10000914,332.2,12
680,168,2,11,10000924,225,8
789,170,2,11,10000934,281.5,10
722,181,2,11,10000985,2142.85,10
462,187,4,11,10001026,1868.2,9
695,191,4,11,10001045,2001.7,8
383,196,1,11,10001076,722.62,6
956,230,1,11,10001257,477.61,8
670,232,4,11,10001272,7276.3,12
605,246,5,11,10001366,252.7,9
128,248,5,11,10001378,223.4,8
20,250,4,11,10001389,227.4,8
749,258,4,11,10001439,32.3,1
310,263,2,11,10001467,617.24,9
582,271,1,11,10001514,303.1,11
871,273,3,11,10001521,5592.67,11
220,285,5,11,10001592,278,10
61,285,5,11,10001593,336.6,12
775,311,3,11,10001741,333.6,12
483,311,3,11,10001747,92.15,3
625,332,5,11,10001851,418.1,9
51,31,1,12,10000193,223.82,6
771,42,1,12,10000243,955.73,9
89,54,2,12,10000303,362.7,10
719,145,4,12,10000796,285.36,8
249,149,1,12,10000816,570.81,7
762,162,2,12,10000901,2528.83,9
376,163,1,12,10000907,401.17,11
556,178,2,12,10000975,5629.09,7
601,186,2,12,10001020,426.44,12
463,268,1,12,10001490,363.7,10
719,282,4,12,10001569,437.04,12
449,283,2,12,10001577,107.99,2
668,311,1,12,10001744,1253.92,5
890,344,1,12,10001903,2373.3,6
566,11,2,13,10000059,388.44,9
13,22,3,13,10000142,133.63,3
668,31,1,13,10000190,178.04,4
31,42,5,13,10000245,47.46,1
188,72,2,13,10000406,304.12,7
812,92,1,13,10000528,1927.52,1
847,108,3,13,10000608,814.67,7
94,127,1,13,10000700,302.82,7
386,132,5,13,10000721,623.39,9
366,136,4,13,10000745,828.32,2
668,156,3,13,10000863,300.47,7
436,162,1,13,10000902,184.72,2
751,186,3,13,10001019,218.05,5
78,188,4,13,10001030,180.84,4
118,192,2,13,10001051,430.6,10
196,231,1,13,10001271,506.12,12
732,237,4,13,10001314,404.3,5
151,278,5,13,10001552,257.76,6
828,279,3,13,10001556,93.42,2
985,310,2,13,10001735,384.44,9
710,320,1,13,10001779,934.67,7
553,325,1,13,10001812,377.04,8
726,336,1,13,10001866,7803.36,4
141,351,2,13,10001948,474.76,11
556,4,5,14,10000018,100.08,2
702,7,5,14,10000037,432.86,9
120,18,3,14,10000108,477.9,10
786,27,3,14,10000164,572.48,12
946,32,1,14,10000196,200.36,4
689,33,2,14,10000204,190.96,4
411,69,5,14,10000388,2090.91,12
928,76,5,14,10000435,1729.12,4
826,117,1,14,10000653,433.06,9
920,119,3,14,10000664,519.19,11
875,134,2,14,10000730,528.64,11
774,135,4,14,10000733,147.62,3
771,135,2,14,10000734,434.16,9
133,137,5,14,10000754,904.81,4
833,140,3,14,10000766,481.9,10
402,152,3,14,10000827,198.16,4
879,153,4,14,10000831,153.62,3
571,176,4,14,10000966,54.54,1
885,218,4,14,10001187,434.86,9
496,223,2,14,10001228,290.44,6
232,235,4,14,10001304,341.78,7
37,235,4,14,10001305,246.7,5
8,236,1,14,10001312,533.44,6
381,238,3,14,10001322,12782.1,10
868,253,4,14,10001404,552.92,8
252,268,3,14,10001492,103.58,2
598,273,2,14,10001523,6189.78,12
375,294,1,14,10001652,637.21,4
375,294,3,14,10001652,637.21,7
223,299,5,14,10001685,242.7,5
479,305,3,14,10001706,194.16,4
191,318,4,14,10001772,1749.17,8
309,319,5,14,10001777,531.94,11
688,321,2,14,10001788,573.88,12
194,343,3,14,10001900,103.58,2
334,4,1,15,10000019,360.44,7
996,5,4,15,10000024,465.84,9
682,31,5,15,10000189,342.34,7
755,40,5,15,10000231,485.5,5
2,61,1,15,10000344,244.1,5
981,83,5,15,10000475,389.96,8
264,91,1,15,10000525,481.2,10
976,96,2,15,10000543,430.88,9
243,134,4,15,10000732,3208.07,3
692,156,1,15,10000862,15457.7,10
384,158,5,15,10000875,247.01,1
128,185,1,15,10001016,103.84,2
728,195,3,15,10001069,101.74,2
173,199,5,15,10001091,423.52,8
943,219,5,15,10001195,151.86,3
787,229,5,15,10001255,290.72,6
205,243,2,15,10001352,578.84,12
571,269,5,15,10001498,247.1,5
128,278,1,15,10001553,3846.14,1
184,296,3,15,10001665,522.07,11
530,302,2,15,10001696,10078.7,5
897,320,2,15,10001778,484.2,10
369,345,4,15,10001911,245.1,5
912,49,3,16,10000277,158.33,3
969,66,5,16,10000363,401.88,8
224,73,4,16,10000415,504.6,10
245,104,2,16,10000586,501.6,10
789,106,1,16,10000594,453.44,9
807,122,1,16,10000674,100.32,2
109,154,3,16,10000849,3055.33,11
429,155,1,16,10000855,404.28,8
91,194,5,16,10001067,202.44,4
821,223,1,16,10001225,598.92,12
257,243,1,16,10001351,549.76,11
733,253,3,16,10001406,262.09,5
308,263,3,16,10001468,11249.3,8
894,265,4,16,10001474,597.32,12
714,286,2,16,10001596,54.06,1
723,288,4,16,10001611,553.96,11
987,289,1,16,10001621,545.76,11
988,296,4,16,10001659,502.6,10
913,324,4,16,10001801,350.52,7
900,329,3,16,10001832,56.11,1
896,350,4,16,10001937,255.8,5
921,355,3,16,10001962,551.21,11
72,15,1,17,10000082,169.92,3
716,17,1,17,10000092,277.2,5
815,18,3,17,10000101,116.18,2
2,20,5,17,10000123,547.4,10
754,30,4,17,10000180,330.04,6
532,96,5,17,10000546,276.2,5
20,101,1,17,10000571,547.4,10
427,133,5,17,10000726,1121.36,10
915,137,1,17,10000750,652.68,12
240,140,4,17,10000773,549.4,10
800,155,3,17,10000853,169.77,3
509,157,4,17,10000870,172.52,3
922,231,4,17,10001263,59.84,1
983,258,4,17,10001436,1116.22,4
37,259,3,17,10001449,303.77,2
233,267,5,17,10001486,858.04,9
671,278,1,17,10001550,1260.8,3
416,283,4,17,10001579,2232.95,5
605,320,5,17,10001781,441.72,8
623,324,1,17,10001804,116.28,2
580,7,1,18,10000038,797.37,11
641,22,5,18,10000135,9348.53,2
335,41,2,18,10000240,581.56,8
560,61,3,18,10000343,225.86,3
394,124,3,18,10000683,297.48,4
441,129,5,18,10000709,747.94,4
427,133,3,18,10000726,1121.36,8
595,137,1,18,10000752,604.42,6
996,163,1,18,10000905,508.69,7
245,207,1,18,10001127,654.03,9
166,216,5,18,10001180,579.96,8
123,228,5,18,10001253,144.74,2
477,253,3,18,10001408,512.34,7
863,295,1,18,10001653,508.69,7
640,5,2,19,10000027,3005.1,7
36,31,4,19,10000194,448.2,6
511,40,5,19,10000233,303.8,4
857,47,5,19,10000266,1636.92,11
564,67,3,19,10000373,915.94,4
774,118,5,19,10000660,514.4,7
816,141,2,19,10000774,446.4,6
580,143,5,19,10000785,460.7,6
849,178,1,19,10000974,883,12
547,190,3,19,10001039,154.9,2
863,213,5,19,10001160,775.4,3
313,248,2,19,10001376,1054.3,11
519,255,3,19,10001419,79.95,1
367,309,4,19,10001732,82.2,1
590,338,5,19,10001872,596.26,5
698,339,1,19,10001876,230,3
262,355,2,19,10001965,592.2,8
755,40,2,20,10000231,485.5,3
990,43,5,20,10000246,635.8,8
322,43,2,20,10000253,549.6,7
755,44,2,20,10000254,857.8,11
96,48,5,20,10000275,87.1,1
45,82,3,20,10000473,783.5,10
633,83,4,20,10000478,786,10
133,137,3,20,10000754,904.81,9
773,140,4,20,10000767,87.1,1
334,180,5,20,10000981,514.7,6
325,186,3,20,10001022,943.2,12
160,208,5,20,10001134,87.1,1
690,224,2,20,10001230,2711.36,8
404,240,2,20,10001332,584.4,2
771,288,3,20,10001610,301.6,3
500,298,4,20,10001680,867,8
251,352,2,20,10001952,240.4,3
467,13,2,21,10000071,248.88,3
549,20,3,21,10000117,811.1,10
667,41,3,21,10000238,1273.03,9
204,50,4,21,10000287,9116.48,6
772,54,1,21,10000300,571.42,7
364,73,3,21,10000413,747.8,7
18,75,3,21,10000433,165.02,2
687,85,4,21,10000487,807.6,10
291,163,3,21,10000908,3386.51,8
983,258,4,21,10001436,1116.22,11
977,271,4,21,10001511,794.81,1
78,275,1,21,10001536,7944.24,8
537,288,3,21,10001614,165.02,2
33,289,1,21,10001631,247.18,3
358,308,2,21,10001724,410.8,5
881,321,2,21,10001786,13985.3,4
409,325,1,21,10001814,727.54,9
544,327,3,21,10001820,247.03,3
321,2,1,22,10000010,1412.71,8
14,23,3,22,10000147,881.2,10
76,58,2,22,10000327,92.17,1
417,88,2,22,10000507,1051.04,12
329,128,1,22,10000703,1720.21,12
699,132,4,22,10000719,358.88,4
457,155,4,22,10000854,2595.94,7
509,188,1,22,10001027,356.08,4
476,192,3,22,10001049,1396.42,12
145,208,4,22,10001135,969.17,11
829,210,3,22,10001142,791.98,9
566,233,3,22,10001281,621.54,7
405,294,3,22,10001651,970.42,11
875,337,2,22,10001868,791.53,9
155,355,1,22,10001966,524.62,6
927,2,3,23,10000006,713.32,8
530,6,1,23,10000033,887.4,10
59,21,4,23,10000133,1063.48,12
912,24,1,23,10000148,7423.14,10
740,24,4,23,10000150,799.36,9
749,32,3,23,10000199,2285.42,8
275,69,4,23,10000389,627.28,7
950,102,3,23,10000572,1064.48,12
904,106,4,23,10000591,359.16,4
484,113,1,23,10000630,887.08,8
902,124,3,23,10000681,5806.34,5
571,124,1,23,10000682,1584.12,7
10,128,1,23,10000705,973.24,11
528,161,1,23,10000897,450.2,5
818,183,1,23,10000997,713.72,8
292,183,3,23,10000999,858.77,8
384,209,5,23,10001137,793.36,9
240,210,5,23,10001144,359.16,4
149,215,4,23,10001176,275.12,3
355,232,4,23,10001274,1416.14,11
750,307,1,23,10001717,87.84,1
217,329,2,23,10001836,1333.82,11
726,336,2,23,10001866,7803.36,12
323,341,5,23,10001888,2733.15,7
746,344,5,23,10001905,2722.71,2
677,356,2,23,10001967,1059.88,12
610,360,3,23,10001991,974.69,11
947,30,5,24,10000179,915.9,10
753,30,3,24,10000181,19472.2,6
667,41,4,24,10000238,1273.03,6
17,59,4,24,10000333,635.43,7
404,67,4,24,10000375,282.47,3
868,78,3,24,10000449,732.92,8
445,81,4,24,10000465,549.94,6
402,114,1,24,10000636,4475.78,2
554,122,1,24,10000675,1076.25,3
724,151,3,24,10000822,3057.95,11
724,151,4,24,10000822,3057.95,2
17,166,4,24,10000919,2500.21,9
77,172,5,24,10000949,2142.97,1
768,177,4,24,10000969,728.92,8
729,184,1,24,10001005,1000.19,11
121,201,4,24,10001102,732.92,8
471,218,2,24,10001190,550.14,6
74,222,4,24,10001224,911.9,10
832,226,1,24,10001239,99.29,1
483,236,5,24,10001308,909.9,10
508,238,4,24,10001321,273.47,3
671,278,5,24,10001550,1260.8,12
305,280,4,24,10001561,187.98,2
554,289,2,24,10001627,371.76,4
59,293,5,24,10001649,1149.9,10
494,297,5,24,10001673,187.98,2
733,298,1,24,10001677,2520,10
909,310,3,24,10001737,1150.88,8
58,312,2,24,10001755,910.9,10
966,330,1,24,10001839,542.74,6
639,2,4,25,10000009,6500.43,12
236,22,2,25,10000138,193.18,2
125,26,5,25,10000161,667.73,7
19,45,2,25,10000260,851.81,9
735,50,1,25,10000283,5180.7,7
842,58,4,25,10000322,941.52,2
413,58,4,25,10000325,860.51,9
92,73,1,25,10000417,1152.04,12
812,92,2,25,10000528,1927.52,2
490,96,4,25,10000547,1047.58,10
397,101,4,25,10000569,666.73,7
547,140,3,25,10000769,475.7,5
618,223,1,25,10001226,469.95,5
592,231,1,25,10001266,2843.59,1
628,236,4,25,10001307,712.45,5
315,253,5,25,10001411,2822.07,6
949,263,1,25,10001463,103.19,1
495,266,4,25,10001482,860.51,9
948,274,4,25,10001524,195.78,2
193,279,5,25,10001559,103.39,1
556,352,5,25,10001950,384.56,4
322,358,2,25,10001981,853.81,9
569,58,1,26,10000323,3035.52,4
483,72,4,26,10000403,589.18,6
530,91,4,26,10000523,1174.94,8
911,129,5,26,10000706,579.18,6
574,131,5,26,10000714,205.06,2
874,156,5,26,10000861,3006.2,12
846,159,5,26,10000878,6616.01,12
659,166,5,26,10000916,1078.33,11
370,194,5,26,10001064,296.09,3
156,218,3,26,10001191,682.46,7
311,358,3,26,10001982,200.56,2
733,11,5,27,10000056,492.7,5
260,15,5,27,10000080,1081.94,11
174,22,5,27,10000139,907.12,8
870,25,2,27,10000153,1993.84,11
783,42,5,27,10000242,1179.48,12
913,66,3,27,10000364,4919.18,12
116,69,3,27,10000390,394.16,4
838,83,3,27,10000476,1075.19,11
234,99,3,27,10000564,298.87,3
590,111,4,27,10000621,1175.48,12
240,116,4,27,10000650,440.94,3
421,148,5,27,10000810,791.32,8
305,154,1,27,10000847,398.36,4
693,168,4,27,10000923,550.22,1
460,184,3,27,10001006,875.61,9
959,209,2,27,10001136,689.68,7
678,217,5,27,10001181,297.62,3
542,223,2,27,10001227,19633.8,12
523,252,3,27,10001401,296.87,3
895,276,1,27,10001538,885.06,9
829,279,5,27,10001555,202.08,2
340,279,1,27,10001558,1615.6,8
613,288,4,27,10001613,498.7,5
917,304,2,27,10001701,497.2,5
984,325,4,27,10001807,360.9,3
534,329,2,27,10001835,1174.76,11
450,344,5,27,10001906,4900.2,7
204,362,1,27,10002000,686.38,7
130,12,4,28,10000066,1035.6,10
987,65,4,28,10000358,212.72,2
147,82,4,28,10000471,936.74,9
155,92,1,28,10000531,7511.98,9
528,106,1,28,10000600,611.22,5
864,114,5,28,10000634,416.44,4
644,126,5,28,10000694,1352.28,1
971,136,5,28,10000739,1923.58,3
766,169,3,28,10000928,111.61,1
125,171,3,28,10000944,829.88,8
869,173,4,28,10000951,525.3,5
182,174,5,28,10000962,15747.9,12
996,183,4,28,10000996,214.72,2
458,186,4,28,10001021,418.44,4
462,194,4,28,10001062,212.72,2
336,232,1,28,10001276,316.98,3
339,244,1,28,10001355,415.64,4
474,256,4,28,10001429,626.16,6
159,274,5,28,10001529,212.72,2
809,324,5,28,10001802,716.9,4
152,14,4,29,10000078,1258,10
56,16,5,29,10000088,509.8,4
771,42,1,29,10000243,955.73,5
308,51,4,29,10000290,1129.3,9
911,107,1,29,10000601,1131.5,9
346,150,3,29,10000821,9132.27,4
350,169,5,29,10000931,129.7,1
877,174,1,29,10000959,256,2
767,226,4,29,10001240,9105.09,2
101,255,3,29,10001421,129.45,1
10,256,5,29,10001432,1252,10
536,268,3,29,10001489,755.7,6
531,269,5,29,10001499,877.9,7
780,272,4,29,10001517,1507.4,12
521,295,1,29,10001656,135.5,1
739,351,5,29,10001945,2998.3,9
556,10,1,30,10000053,14137.3,7
489,16,4,30,10000086,965.66,7
512,17,5,30,10000093,7661.87,2
560,27,1,30,10000165,958.26,7
553,107,3,30,10000604,1502.43,11
644,126,5,30,10000694,1352.28,9
478,173,4,30,10000956,1102.04,8
609,194,4,30,10001061,556.52,4
176,194,3,30,10001066,691.65,5
747,207,1,30,10001123,283.36,2
76,218,4,30,10001192,965.66,7
137,221,5,30,10001216,825.28,6
549,244,3,30,10001353,279.26,2
598,273,4,30,10001523,6189.78,1
831,280,1,30,10001560,1502.98,11
427,283,4,30,10001578,6096.7,7
201,311,5,30,10001748,819.28,6
542,319,1,30,10001774,1088.44,8
559,330,5,30,10001840,3524.06,2
827,333,4,30,10001853,1507.18,11
468,354,5,30,10001958,1096.04,8
603,357,3,30,10001975,555.52,4
182,68,1,31,10000382,496.61,3
986,75,1,31,10000428,492.61,3
155,92,2,31,10000531,7511.98,2
63,118,2,31,10000663,6092.14,10
177,136,1,31,10000749,976.22,6
503,192,2,31,10001048,1950.24,12
771,219,2,31,10001197,1454.93,9
928,278,1,31,10001547,1782.57,11
131,358,1,31,10001984,656.48,4
324,9,1,32,10000046,2128.83,11
837,12,3,32,10000061,1066.88,6
154,29,2,32,10000177,4262.08,10
364,73,4,32,10000413,747.8,1
799,81,5,32,10000462,3085.82,8
467,137,4,32,10000753,1249.11,7
51,144,2,32,10000792,186.43,1
286,152,3,32,10000828,505.42,1
695,191,5,32,10001045,2001.7,10
962,213,3,32,10001159,1959.28,11
31,218,4,32,10001193,3162.4,5
5,230,5,32,10001260,1524.65,5
488,233,3,32,10001284,1602.32,9
283,254,1,32,10001417,360.06,2
976,268,3,32,10001487,714.92,4
981,271,5,32,10001510,2514.53,7
593,275,5,32,10001534,5363.33,9
239,286,4,32,10001599,3502.24,5
955,315,5,32,10001759,1784.3,10
317,335,3,32,10001861,894.4,5
914,340,2,32,10001879,1428.44,8
18,341,2,32,10001889,1247.01,7
230,342,1,32,10001892,543.59,3
728,362,4,32,10001998,2171.22,4
69,47,4,33,10000269,1733.78,9
342,57,5,33,10000315,196.42,1
928,76,2,33,10000435,1729.12,8
266,76,2,33,10000441,1943.41,10
725,161,5,33,10000895,1729.78,9
11,168,3,33,10000927,966.85,5
183,182,2,33,10000994,964.6,5
732,184,3,33,10001004,2305.04,12
286,198,2,33,10001086,4653.1,12
142,245,2,33,10001361,1916.2,10
958,250,2,33,10001384,4820.6,5
875,251,3,33,10001392,2131.02,11
969,272,2,33,10001516,1729.08,9
496,297,4,33,10001672,1733.78,9
726,336,4,33,10001866,7803.36,11
323,341,3,33,10001888,2733.15,11
666,345,3,33,10001910,393.34,2
362,26,2,34,10000159,1696.08,8
913,72,2,34,10000401,2343.86,11
206,85,3,34,10000489,1701.48,8
667,94,1,34,10000538,3967,3
341,122,3,34,10000676,2423,10
846,159,2,34,10000878,6616.01,10
718,181,3,34,10000986,217.31,1
146,181,4,34,10000991,2130.6,10
311,209,3,34,10001138,2346.41,11
4,211,4,34,10001152,1492.92,7
953,219,3,34,10001194,313.99,1
206,276,5,34,10001540,1705.48,8
283,295,4,34,10001658,436.12,2
604,349,2,34,10001930,435.52,2
325,354,3,34,10001960,2128.1,10
688,357,1,34,10001972,2346.96,11
748,362,2,34,10001997,3380.76,6
713,40,3,35,10000232,649.11,3
590,43,4,35,10000251,1079.1,5
885,50,5,35,10000282,2356.82,11
757,91,4,35,10000522,2147.2,10
941,112,4,35,10000625,3634.91,3
314,114,4,35,10000638,912.9,1
642,125,4,35,10000687,1715.96,8
381,125,3,35,10000691,1500.59,7
310,141,4,35,10000776,215.62,1
506,153,4,35,10000835,224.62,1
337,160,5,35,10000890,1286.72,6
855,178,3,35,10000973,1393.26,1
251,182,3,35,10000993,2656.73,4
638,212,3,35,10001155,2135.7,10
577,234,4,35,10001297,1713.96,8
549,238,2,35,10001320,1290.92,6
512,277,3,35,10001542,1711.96,8
668,289,1,35,10001623,1491.94,7
891,307,3,35,10001714,1291.22,6
609,308,3,35,10001721,937.64,2
321,317,4,35,10001768,1932.1,8
968,322,3,35,10001793,2562.4,11
500,325,5,35,10001813,1708.96,8
748,362,1,35,10001997,3380.76,8
639,2,1,36,10000009,6500.43,3
622,23,2,36,10000144,436.1,2
426,25,2,36,10000158,442.1,2
682,30,2,36,10000183,1757.4,8
291,52,1,36,10000294,1976.85,9
569,58,5,36,10000323,3035.52,12
533,77,1,36,10000446,2197.5,10
375,80,1,36,10000459,2414.15,11
493,88,3,36,10000503,3575.8,5
563,90,4,36,10000516,2268.73,9
918,133,1,36,10000723,2193.5,10
457,155,5,36,10000854,2595.94,9
717,157,2,36,10000868,2190.5,10
762,162,5,36,10000901,2528.83,10
87,164,1,36,10000912,229.65,1
884,170,5,36,10000933,2412.35,11
544,190,4,36,10001040,1759.8,8
403,193,5,36,10001057,2631.2,12
102,205,1,36,10001115,1102.25,5
355,232,5,36,10001274,1416.14,2
53,233,5,36,10001290,4373.08,9
21,269,3,36,10001503,1757.8,8
638,270,1,36,10001507,1100.25,5
865,275,1,36,10001532,2408.15,11
999,307,5,36,10001713,8678.63,5
87,309,3,36,10001733,2413.6,11
30,320,4,36,10001783,882.4,4
466,347,2,36,10001921,1295.71,5
431,6,1,37,10000034,4980.1,10
551,16,1,37,10000084,1761.4,8
694,24,1,37,10000151,1323.3,6
721,30,5,37,10000182,1982.25,9
134,40,2,37,10000235,444.9,2
630,69,2,37,10000385,1541.65,7
683,77,1,37,10000444,2639.6,12
128,100,4,37,10000566,449.5,2
486,104,1,37,10000583,437.1,2
231,108,1,37,10000609,599.06,2
558,110,3,37,10000616,1321,6
507,115,2,37,10000641,1977.55,9
386,132,5,37,10000721,623.39,1
870,142,2,37,10000781,2634.4,12
927,143,4,37,10000784,1545.75,7
434,181,5,37,10000988,443.5,2
832,261,1,37,10001456,7418.08,2
506,266,3,37,10001481,2639,12
80,298,2,37,10001682,1324.7,6
684,312,3,37,10001753,8242.75,12
890,321,4,37,10001785,449.5,2
680,321,3,37,10001789,230,1
776,334,3,37,10001854,2635,12
432,1,5,38,10000002,245.14,1
864,25,1,38,10000154,1973.42,9
225,44,1,38,10000257,230.38,1
276,68,3,38,10000381,1984.97,9
312,91,3,38,10000524,1982.97,9
415,98,5,38,10000560,1763.64,8
455,107,3,38,10000605,1324.98,6
645,109,1,38,10000611,1983.42,9
882,148,4,38,10000808,12864.1,4
286,152,5,38,10000828,505.42,1
692,156,2,38,10000862,15457.7,3
532,176,4,38,10000967,1542.06,7
496,183,1,38,10000998,667.14,3
718,187,3,38,10001024,1542.31,7
593,187,1,38,10001025,445.76,2
989,191,3,38,10001042,664.99,3
467,210,1,38,10001143,1762.04,8
892,228,3,38,10001251,230.33,1
740,236,3,38,10001306,1540.31,7
224,247,3,38,10001372,1320.98,6
826,281,1,38,10001565,1327.28,6
564,299,2,38,10001683,447.56,2
583,322,5,38,10001795,889.32,4
501,323,3,38,10001798,926.67,3
40,1,4,39,10000005,2777.2,12
321,2,5,39,10000010,1412.71,3
168,12,4,39,10000065,2781.2,12
756,20,4,39,10000116,2084.65,9
870,25,2,39,10000153,1993.84,4
469,78,1,39,10000452,457.3,2
902,90,1,39,10000514,1386.9,6
749,99,4,39,10000563,1161.25,5
418,109,2,39,10000612,2125.93,9
754,116,4,39,10000648,2777.2,12
172,138,2,39,10000758,2081.95,9
692,156,5,39,10000862,15457.7,11
767,173,4,39,10000952,1624.95,7
809,225,5,39,10001234,1624.95,7
771,234,2,39,10001295,1159.75,5
363,248,1,39,10001375,19262.6,6
977,271,4,39,10001511,794.81,3
85,4,3,40,10000022,1181.55,5
661,5,5,40,10000026,4904.34,9
403,18,2,40,10000103,2813.72,12
826,23,3,40,10000143,8146.86,2
46,52,4,40,10000296,239.36,1
508,76,4,40,10000439,234.36,1
314,83,5,40,10000481,948.44,4
104,86,4,40,10000494,1872.88,8
906,93,5,40,10000533,2588.96,11
951,94,2,40,10000536,3075.68,10
530,143,2,40,10000786,622.68,2
920,185,5,40,10001010,1645.52,7
745,190,2,40,10001038,2339.6,10
885,200,3,40,10001094,477.22,2
917,204,3,40,10001106,709.33,3
729,204,2,40,10001107,2628.5,11
702,204,1,40,10001108,711.48,3
179,220,2,40,10001209,941.24,4
33,227,5,40,10001248,13231.4,12
526,233,1,40,10001283,1100.64,3
381,259,1,40,10001447,1880.28,8
406,269,5,40,10001500,1417.16,6
375,289,5,40,10001628,710.08,3
495,320,2,40,10001782,17467.9,6
227,343,2,40,10001899,475.12,2
433,43,4,41,10000252,1445.36,6
846,47,3,41,10000267,1307.34,5
855,58,3,41,10000321,3635.73,5
865,61,3,41,10000341,3854.66,8
400,67,4,41,10000376,3785.06,5
507,77,1,41,10000447,2636.46,11
407,97,5,41,10000551,1678.42,7
119,111,4,41,10000622,1682.42,7
881,113,3,41,10000628,488.62,2
848,157,5,41,10000867,489.12,2
880,181,3,41,10000982,1552.58,4
892,193,4,41,10001052,7329.69,4
902,207,5,41,10001121,1204.3,5
115,214,3,41,10001170,1919.48,8
956,230,3,41,10001257,477.61,1
571,245,2,41,10001358,249.76,1
760,247,2,41,10001368,1816.56,5
181,249,1,41,10001383,5524.04,4
564,281,4,41,10001566,2160.54,9
33,288,4,41,10001620,2640.66,11
945,292,2,41,10001641,2863.12,12
162,301,4,41,10001690,963.24,4
873,6,3,42,10000031,3104.84,12
967,13,3,42,10000068,3481.76,9
967,13,4,42,10000068,3481.76,3
39,16,1,42,10000090,775.11,3
657,19,2,42,10000110,2578.7,10
578,31,1,42,10000191,2849.07,11
52,49,1,42,10000280,2851.07,11
246,52,4,42,10000295,780.71,3
628,66,1,42,10000367,1044.48,4
255,70,3,42,10000394,1819.24,7
225,74,3,42,10000425,1296.6,5
484,82,3,42,10000470,2594.2,10
907,117,1,42,10000651,2332.33,9
535,129,4,42,10000707,1043.28,4
846,159,4,42,10000878,6616.01,11
214,160,2,42,10000891,2331.43,9
863,171,3,42,10000937,1044.28,4
78,183,1,42,10001001,2073.96,8
319,190,4,42,10001041,1560.42,6
910,219,3,42,10001196,2594.2,10
690,224,1,42,10001230,2711.36,8
961,239,2,42,10001326,2851.97,11
857,254,5,42,10001415,3109.84,12
13,265,4,42,10001478,2724.41,9
999,307,1,42,10001713,8678.63,4
365,318,1,42,10001770,17599.8,6
364,337,2,42,10001870,16781.8,11
699,341,1,42,10001885,2592.7,10
520,21,5,43,10000129,523.92,2
555,48,5,43,10000271,796.38,3
48,82,1,43,10000472,1054.04,4
370,101,3,43,10000570,1580.26,6
554,122,4,43,10000675,1076.25,3
787,125,3,43,10000686,3004.61,11
230,168,4,43,10000926,1323.3,5
678,171,4,43,10000940,2373.14,9
555,177,3,43,10000971,1580.26,6
364,207,3,43,10001126,1734.2,6
920,214,4,43,10001163,3156.52,12
812,220,1,43,10001206,1316.3,5
948,256,5,43,10001423,269.46,1
526,277,5,43,10001541,2892.06,11
508,309,3,43,10001731,2895.31,11
688,311,2,43,10001743,533.32,2
630,332,2,43,10001850,269.16,1
249,343,2,43,10001898,1579.96,6
277,20,2,44,10000120,3612.44,12
892,61,5,44,10000340,3315.12,11
367,70,3,44,10000392,610.34,2
608,78,2,44,10000451,1523.46,1
457,87,4,44,10000498,2115.44,7
833,94,5,44,10000537,2414.36,8
667,94,1,44,10000538,3967,11
142,97,2,44,10000554,3311.82,11
935,140,4,44,10000764,1212.68,4
241,151,5,44,10000823,307.92,1
343,155,3,44,10000856,1815.02,6
11,163,3,44,10000910,1813.02,6
880,181,3,44,10000982,1552.58,2
24,245,1,44,10001362,305.72,1
570,251,2,44,10001395,5326.58,11
537,253,4,44,10001407,913.76,3
388,258,1,44,10001442,3312.92,11
662,271,5,44,10001512,3016.2,10
274,277,3,44,10001545,3312.37,11
706,297,4,44,10001670,309.92,1
38,308,2,44,10001726,3013.2,10
877,317,1,44,10001767,612.44,2
999,331,5,44,10001843,2479.68,7
166,345,4,44,10001913,2719.28,9
635,19,1,45,10000111,3871.26,12
619,25,1,45,10000157,1214.04,4
313,57,3,45,10000316,2424.68,8
855,58,4,45,10000321,3635.73,8
608,78,3,45,10000451,1523.46,4
469,136,1,45,10000744,2425.08,8
138,141,3,45,10000777,3330.31,11
292,214,3,45,10001169,2163.99,7
650,219,3,45,10001199,3863.74,6
966,238,5,45,10001318,3035.6,10
278,241,2,45,10001340,3634.92,12
679,279,5,45,10001557,313.46,1
679,296,4,45,10001662,1823.76,6
644,313,3,45,10001757,1219.84,4
674,325,3,45,10001810,3031.1,10
664,43,4,46,10000249,2564.28,8
378,73,4,46,10000412,650.82,2
692,111,2,46,10000620,1510.68,4
121,151,2,46,10000824,2242.27,7
607,158,4,46,10000873,644.82,2
663,159,3,46,10000880,328.66,1
203,203,5,46,10001105,3206.1,10
319,205,5,46,10001114,1284.64,4
782,222,2,46,10001217,2563.88,8
544,243,2,46,10001350,1609.05,5
753,258,4,46,10001438,3841.92,12
605,261,2,46,10001457,5636.05,11
397,267,5,46,10001484,1930.46,6
631,286,5,46,10001598,2884.19,9
162,289,4,46,10001630,326.91,1
78,330,3,46,10001842,2562.28,8
967,347,2,46,10001920,965.83,3
194,351,2,46,10001946,1150.98,3
326,354,4,46,10001959,3204.1,10
925,36,5,47,10000213,2259.49,7
643,39,5,47,10000228,975.21,3
365,46,2,47,10000263,1617.85,5
355,59,5,47,10000331,968.21,3
851,62,3,47,10000345,3372.7,10
366,83,4,47,10000480,3547.77,11
127,146,1,47,10000803,654.74,2
961,172,2,47,10000945,976.31,3
742,198,5,47,10001084,1943.42,6
103,198,3,47,10001087,2263.74,7
636,222,3,47,10001219,3868.84,12
742,226,1,47,10001241,974.61,3
491,227,4,47,10001246,3869.84,12
533,265,3,47,10001476,6215.19,12
27,275,4,47,10001537,2995.24,3
75,281,4,47,10001568,4792.43,9
239,292,2,47,10001644,2571.16,8
733,298,3,47,10001677,2520,5
812,300,3,47,10001687,2583.56,8
546,324,4,47,10001805,5127.57,9
390,350,2,47,10001941,2906.93,9
660,11,4,48,10000058,1369.56,4
922,34,2,48,10000207,1697.7,5
302,59,2,48,10000332,1032.02,3
913,61,1,48,10000339,3074.96,9
626,62,3,48,10000348,1712.95,5
905,64,1,48,10000352,4085.28,12
570,83,4,48,10000479,2393.48,7
12,86,5,48,10000495,1712.2,5
868,106,3,48,10000592,2053.34,6
727,113,1,48,10000629,1028.32,3
873,114,3,48,10000633,3070.51,9
314,114,5,48,10000638,912.9,2
834,117,3,48,10000652,1708.95,5
755,147,4,48,10000806,345.64,1
200,148,2,48,10000811,10399.5,9
984,161,1,48,10000892,2734.52,8
858,166,1,48,10000915,349.44,1
403,169,4,48,10000930,686.28,2
565,197,5,48,10001081,4089.68,12
705,211,2,48,10001146,2729.72,8
383,231,5,48,10001269,3070.76,9
573,233,1,48,10001280,3745.84,11
561,241,4,48,10001336,2785.06,8
300,256,4,48,10001431,1026.92,3
829,285,2,48,10001587,4091.46,9
120,298,2,48,10001681,1708.7,5
43,311,3,48,10001751,5527.86,10
259,321,3,48,10001792,3072.51,9
590,354,2,48,10001957,1366.36,4
489,69,5,49,10000387,1884.8,5
103,70,2,49,10000395,4139.26,11
692,156,3,49,10000862,15457.7,11
43,156,5,49,10000864,1136.88,3
324,169,5,49,10000932,2880.24,7
667,181,5,49,10000987,1138.88,3
296,217,5,49,10001184,3388.64,9
946,231,1,49,10001262,2635.32,7
239,236,2,49,10001310,4143.26,11
993,242,2,49,10001342,4516.92,12
195,268,2,49,10001494,2634.62,7
75,281,5,49,10001568,4792.43,5
3,283,2,49,10001582,5937.06,3
695,284,5,49,10001583,1508.84,4
817,296,3,49,10001660,2636.97,7
794,304,2,49,10001703,4516.92,12
368,344,2,49,10001907,1881.3,5
66,350,3,49,10001942,4139.81,11
431,6,5,50,10000034,4980.1,3
557,27,2,50,10000166,3509.1,9
680,60,4,50,10000335,3157.92,8
926,75,2,50,10000430,399.9,1
59,77,5,50,10000448,1951,5
492,103,3,50,10000578,1949.75,5
342,104,5,50,10000584,3120.6,8
402,114,5,50,10000636,4475.78,11
736,141,4,50,10000775,1631.28,4
772,159,4,50,10000879,1957,5
556,178,1,50,10000975,5629.09,7
307,181,2,50,10000989,1810.62,2
907,202,5,50,10001103,3084.74,6
237,217,1,50,10001185,4675,12
442,242,4,50,10001347,1170.6,3
990,246,1,50,10001363,2734,7
879,252,2,50,10001397,1949.5,5
466,277,2,50,10001543,4415.7,6
451,291,4,50,10001638,395.2,1
884,331,1,50,10001845,2734,7
746,344,3,50,10001905,2722.71,4
644,357,2,50,10001973,1171.7,3
31,359,4,50,10001989,4292.2,11
639,2,2,51,10000009,6500.43,12
784,4,2,51,10000016,394.9,1
760,25,4,51,10000155,397.2,1
473,50,2,51,10000285,3238.4,8
719,65,5,51,10000361,1039.28,2
356,76,2,51,10000440,396.9,1
734,111,4,51,10000619,5161.33,11
305,128,5,51,10000704,3913,10
276,136,5,51,10000747,1561.8,4
81,151,2,51,10000825,3514.1,9
65,153,5,51,10000840,2738.4,7
282,154,5,51,10000848,3911,10
610,160,4,51,10000887,1567.8,4
780,181,5,51,10000984,2346.2,6
674,197,4,51,10001080,2346.2,6
275,212,3,51,10001157,2348.7,6
544,214,2,51,10001167,6551.65,10
728,216,4,51,10001178,3520.8,9
592,231,5,51,10001266,2843.59,7
143,236,2,51,10001311,1178.7,3
419,240,3,51,10001331,2740.65,7
169,242,3,51,10001348,6148.43,1
492,247,3,51,10001369,3516.55,9
361,269,3,51,10001501,4690.4,12
890,273,5,51,10001520,4687.4,12
416,283,3,51,10001579,2232.95,5
49,284,2,51,10001586,4687.8,12
186,286,5,51,10001600,3907,10
643,4,3,52,10000017,6833.28,8
661,5,4,52,10000026,4904.34,7
866,18,1,52,10000099,1992.5,5
309,34,3,52,10000210,1322.71,3
34,60,4,52,10000338,1196.9,3
475,115,1,52,10000642,3980,10
197,131,3,52,10000717,1597.2,4
89,158,1,52,10000876,1196.3,3
822,187,2,52,10001023,3582,9
397,193,3,52,10001058,5520.7,12
824,233,2,52,10001278,2387,6
610,237,3,52,10001315,1347.47,3
339,244,2,52,10001356,563.4,1
238,248,2,52,10001377,1595,4
183,268,4,52,10001495,2792.1,7
604,282,4,52,10001570,1600.2,4
152,305,2,52,10001708,4372,11
726,336,1,52,10001866,7803.36,11
498,338,2,52,10001873,7254.04,7
415,348,3,52,10001928,4134.54,10
176,361,3,52,10001994,3266.72,8
283,11,4,53,10000060,427.18,1
4,20,4,53,10000122,5309.94,11
446,22,5,53,10000137,763.02,1
539,32,3,53,10000201,844.86,2
984,76,1,53,10000434,1266.94,3
600,98,1,53,10000559,3012.34,7
111,117,4,53,10000658,2946.26,7
995,121,3,53,10000669,2530.58,6
63,124,1,53,10000684,2530.88,6
948,127,1,53,10000696,3370.84,8
693,168,5,53,10000923,550.22,1
100,182,1,53,10000995,1270.94,3
507,215,1,53,10001175,2948.86,7
677,245,2,53,10001357,1690.52,4
263,245,3,53,10001360,2523.58,6
756,255,2,53,10001418,2110.4,5
328,256,4,53,10001430,429.18,1
191,261,4,53,10001458,1265.54,3
919,275,5,53,10001530,3792.62,9
780,283,5,53,10001575,4632.98,11
804,285,1,53,10001588,19299.4,12
934,286,3,53,10001595,5044.16,12
69,291,2,53,10001640,3367.57,4
678,320,4,53,10001780,4630.98,11
845,336,2,53,10001865,3535.4,7
773,346,2,53,10001916,3785.92,9
274,357,4,53,10001976,2532.08,6
763,20,5,54,10000115,3634.6,8
321,56,2,54,10000310,1732.9,3
146,129,2,54,10000711,2879.17,4
881,136,1,54,10000740,4851.89,9
668,160,2,54,10000885,4084.85,9
291,163,2,54,10000908,3386.51,6
195,189,2,54,10001035,3318.85,7
31,218,1,54,10001193,3162.4,5
588,222,1,54,10001220,4534.5,10
162,233,5,54,10001286,4985.45,11
681,272,4,54,10001518,4536.5,10
281,302,5,54,10001697,3628.6,8
191,318,4,54,10001772,1749.17,3
827,14,4,55,10000072,2345.35,5
11,58,5,55,10000328,5144.97,11
318,66,3,55,10000369,5142.22,11
102,107,2,55,10000607,5858.72,12
935,147,4,55,10000805,4212.43,9
369,168,3,55,10000925,471.02,1
77,172,4,55,10000949,2142.97,4
770,174,4,55,10000960,2315.56,4
18,178,2,55,10000977,4213.73,9
383,196,3,55,10001076,722.62,1
745,201,1,55,10001098,1397.21,3
239,227,4,55,10001247,2343.35,5
423,260,2,55,10001452,5518.51,11
533,265,1,55,10001476,6215.19,5
568,270,2,55,10001508,1950.96,2
713,274,1,55,10001525,5615.84,12
962,316,3,55,10001762,5613.24,12
348,332,4,55,10001852,1404.81,3
458,348,4,55,10001927,1955.62,4
278,72,5,56,10000404,3918.2,8
360,74,5,56,10000423,4898.5,10
113,86,2,56,10000493,2455.25,5
434,90,2,56,10000517,5388.35,11
757,91,3,56,10000521,3574.1,4
93,115,3,56,10000645,5923.05,5
785,131,1,56,10000713,4405.55,9
978,149,2,56,10000812,2938.1,6
182,174,2,56,10000962,15747.9,10
670,214,2,56,10001165,493.85,1
947,215,2,56,10001172,6137.22,10
529,218,4,56,10001189,12500.1,12
832,261,5,56,10001456,7418.08,6
780,270,2,56,10001506,3921.8,8
671,272,2,56,10001519,497.85,1
609,308,3,56,10001721,937.64,1
488,316,1,56,10001764,4409.55,9
534,328,4,56,10001827,2939.9,6
187,343,2,56,10001901,1471.55,3
857,51,1,57,10000288,6397.4,12
560,60,3,57,10000336,2141.6,4
433,71,4,57,10000399,1642.62,3
652,83,1,57,10000477,4272.6,8
385,93,5,57,10000535,4807.1,9
549,106,1,57,10000598,4799.3,9
598,150,2,57,10000820,4271.8,8
574,157,1,57,10000869,5338,10
422,162,4,57,10000903,4268.2,8
862,171,3,57,10000938,5868.15,11
556,178,5,57,10000975,5629.09,5
716,219,5,57,10001198,3202.4,6
86,219,4,57,10001204,2669.5,5
483,222,5,57,10001221,1076.8,2
670,232,4,57,10001272,7276.3,11
670,232,5,57,10001272,7276.3,2
979,234,2,57,10001291,2141.4,4
45,248,4,57,10001380,2140.6,4
903,251,4,57,10001391,2142.6,4
408,253,1,57,10001410,2415.98,3
688,264,4,57,10001472,5338,10
616,265,5,57,10001475,4872.68,9
839,295,5,57,10001654,3204.4,6
972,302,4,57,10001692,4805.1,9
712,302,5,57,10001695,3206.4,6
631,304,1,57,10001704,5879.71,11
698,309,2,57,10001729,3817.4,7
864,310,1,57,10001738,2666.5,5
923,349,2,57,10001929,3739.2,7
568,14,1,58,10000075,1811.58,3
749,32,3,58,10000199,2285.42,2
405,44,1,58,10000256,7234.32,12
941,112,3,58,10000625,3634.91,5
200,148,4,58,10000811,10399.5,12
596,160,2,58,10000888,7216.12,12
178,179,1,58,10000979,3015.3,5
315,191,3,58,10001047,1212.62,2
498,226,1,58,10001242,3013.3,5
537,233,1,58,10001282,6937.97,9
4,236,3,58,10001313,7210.72,12
760,247,2,58,10001368,1816.56,1
406,263,1,58,10001465,8931.66,11
748,278,3,58,10001549,6015.1,10
43,311,1,58,10001751,5527.86,3
559,330,4,58,10001840,3524.06,5
214,342,2,58,10001893,6238.82,9
450,344,5,58,10001906,4900.2,7
640,5,5,59,10000027,3005.1,4
647,75,2,59,10000431,7419.8,12
995,77,2,59,10000443,6803.9,11
823,87,3,59,10000496,2480.8,4
493,88,5,59,10000503,3575.8,4
957,100,3,59,10000565,4954.6,8
10,117,1,59,10000659,2481,4
543,140,3,59,10000770,6186.5,10
945,150,5,59,10000817,5568.8,9
650,160,2,59,10000886,7613.61,12
452,185,3,59,10001014,4336.65,7
336,204,2,59,10001111,3098.5,5
5,230,1,59,10001260,1524.65,1
158,233,2,59,10001287,1860.7,3
891,239,1,59,10001327,4333,7
726,251,3,59,10001394,4323.65,7
570,251,2,59,10001395,5326.58,2
252,282,2,59,10001573,6188,10
3,283,1,59,10001582,5937.06,7
156,304,5,59,10001705,6811.2,11
229,326,2,59,10001818,4948.2,8
645,339,3,59,10001877,1862.85,3
746,342,1,59,10001890,5157.2,6
214,342,5,59,10001893,6238.82,1
739,351,1,59,10001945,2998.3,3
325,1,2,60,10000003,6835.91,11
788,4,1,60,10000015,4976.28,8
702,106,2,60,10000595,697.04,1
724,151,4,60,10000822,3057.95,3
450,171,3,60,10000942,3732.16,6
618,220,5,60,10001207,3114.55,5
378,232,1,60,10001273,6218.1,10
105,234,2,60,10001301,1241.62,2
923,266,4,60,10001480,5600.99,9
118,269,3,60,10001502,6840.46,11
865,275,5,60,10001531,5032.13,8
621,275,2,60,10001533,16591.1,3
294,284,5,60,10001584,3116.55,5
26,289,3,60,10001632,4353.02,7
192,292,1,60,10001645,629.91,1
114,292,3,60,10001646,5594.74,9
649,309,4,60,10001730,5585.99,9
86,309,1,60,10001734,631.91,1
593,312,5,60,10001754,4973.88,8
908,6,5,61,10000030,6863.45,11
826,31,4,61,10000188,6236.5,10
297,52,2,61,10000293,3118.25,5
913,66,4,61,10000364,4919.18,6
694,69,3,61,10000384,2726.8,4
972,85,2,61,10000486,1878.95,3
155,92,5,61,10000531,7511.98,10
276,97,5,61,10000552,6859.45,11
922,104,5,61,10000580,5617.55,9
46,111,3,61,10000623,5613.3,9
793,120,2,61,10000667,5614.85,9
488,128,5,61,10000701,1875.85,3
895,137,5,61,10000751,5611.55,9
913,174,1,61,10000958,1254.5,2
722,181,5,61,10000985,2142.85,3
45,185,1,61,10001018,1252.5,2
368,189,1,61,10001033,2496,4
754,197,4,61,10001079,3123.75,5
564,206,3,61,10001119,4990.6,8
343,260,5,61,10001453,4994.6,8
308,263,4,61,10001468,11249.3,3
357,275,5,61,10001535,7576.24,12
778,296,5,61,10001661,1875.85,3
849,312,3,61,10001752,7479.4,12
684,312,1,61,10001753,8242.75,9
863,325,4,61,10001808,6234.5,10
146,335,2,61,10001863,2560.84,4
6,335,2,61,10001864,629.65,1
149,338,4,61,10001875,8627.82,6
823,345,3,61,10001909,3797.08,6
64,4,3,62,10000023,2884.49,3
826,23,5,62,10000143,8146.86,8
23,29,2,62,10000178,1922.56,2
204,50,1,62,10000287,9116.48,9
968,54,1,62,10000298,15211,2
662,55,3,62,10000307,9744.94,8
865,61,3,62,10000341,3854.66,2
638,81,3,62,10000464,10925.6,10
629,85,5,62,10000488,11504,12
887,93,4,62,10000534,5757.48,6
789,117,5,62,10000654,5755.48,6
448,125,4,62,10000690,7669.64,8
346,150,3,62,10000821,9132.27,9
50,152,1,62,10000829,1920.76,2
981,162,2,62,10000899,4797.9,5
748,179,2,62,10000978,5753.68,6
215,188,4,62,10001029,965.08,1
18,189,4,62,10001036,7814.24,8
699,191,1,62,10001044,1920.76,2
402,207,1,62,10001125,6714.16,7
624,227,3,62,10001245,2878.49,3
170,238,1,62,10001324,7668.04,8
169,242,5,62,10001348,6148.43,6
142,265,3,62,10001477,2882.49,3
548,287,2,62,10001603,5786.8,6
929,297,3,62,10001668,7673.64,8
68,310,1,62,10001739,2521.04,2
459,327,2,62,10001821,10544.6,11
533,330,5,62,10001841,958.08,1
746,344,3,62,10001905,2722.71,1
93,2,5,63,10000011,7248.06,7
181,7,2,63,10000039,7038.54,7
877,9,2,63,10000045,11051.4,11
446,113,5,63,10000631,8408.73,2
575,152,1,63,10000826,9057.08,8
575,152,4,63,10000826,9057.08,1
692,156,3,63,10000862,15457.7,7
4,159,1,63,10000883,4028.28,4
457,219,1,63,10001201,11056.5,11
249,219,3,63,10001202,11052,11
438,246,2,63,10001367,3474.07,3
832,261,5,63,10001456,7418.08,4
871,273,4,63,10001521,5592.67,5
851,283,5,63,10001574,11967.6,3
910,287,1,63,10001602,10052.2,10
530,302,3,63,10001696,10078.7,1
94,357,1,63,10001977,11083.2,11
431,6,5,64,10000034,4980.1,2
315,18,1,64,10000105,6407.4,8
460,27,3,64,10000168,8013.5,10
31,36,2,64,10000216,1598.4,2
918,38,1,64,10000221,8010,10
128,45,1,64,10000259,8808.3,11
757,91,3,64,10000521,3574.1,2
289,102,2,64,10000575,4808.2,6
469,105,5,64,10000590,4808,6
243,134,2,64,10000732,3208.07,1
971,136,4,64,10000739,1923.58,2
2,158,1,64,10000877,3212.2,4
462,187,3,64,10001026,1868.2,2
661,259,3,64,10001445,29302.5,11
308,263,3,64,10001468,11249.3,11
407,270,1,64,10001509,8565.56,6
297,295,5,64,10001657,9605,12
614,298,2,64,10001679,4092.37,5
530,302,4,64,10001696,10078.7,11
72,307,5,64,10001720,7213.5,9
849,319,3,64,10001773,3212,4
387,319,2,64,10001776,6410.6,8
59,329,1,64,10001838,7211.7,9
149,338,4,64,10001875,8627.82,6
546,342,2,64,10001891,2411.6,3
101,4,5,65,10000021,14721.6,11
561,13,1,65,10000070,8027.78,6
672,22,5,65,10000134,2677.66,2
972,25,1,65,10000152,16567.5,12
543,64,4,65,10000355,10707.6,8
638,81,4,65,10000464,10925.6,1
738,97,2,65,10000550,9368.21,7
959,142,4,65,10000780,6715.65,5
197,161,4,65,10000898,16057,12
757,168,3,65,10000922,4022.24,3
858,184,1,65,10001003,1340.13,1
318,184,3,65,10001007,16071.7,12
777,222,1,65,10001218,16052.6,12
767,226,2,65,10001240,9105.09,2
621,275,4,65,10001533,16591.1,11
977,278,2,65,10001546,3357.75,2
165,287,2,65,10001606,14306.9,10
365,318,1,65,10001770,17599.8,12
495,320,1,65,10001782,17467.9,12
188,359,4,65,10001988,10709.6,8
239,17,1,66,10000098,1587.27,1
854,32,1,66,10000197,16382.9,11
8,55,5,66,10000309,17872,12
988,60,4,66,10000334,4475.76,3
33,70,1,66,10000396,7448.6,5
275,104,5,66,10000585,4473.76,3
77,108,4,66,10000610,2984.84,2
184,115,2,66,10000643,16467,11
696,127,3,66,10000698,8984.44,6
813,172,3,66,10000947,13405,9
286,204,1,66,10001112,16384.9,11
974,211,3,66,10001145,10420.7,7
368,211,2,66,10001148,10427.3,7
200,221,3,66,10001215,11909.4,8
33,227,1,66,10001248,13231.4,7
150,233,1,66,10001288,13403.5,9
794,256,4,66,10001426,13405.3,9
210,268,5,66,10001493,8942.52,6
126,280,4,66,10001562,11920.4,8
851,283,3,66,10001574,11967.6,6
931,289,3,66,10001622,4477.01,3
984,297,2,66,10001666,8942.72,6
999,307,4,66,10001713,8678.63,4
684,337,1,66,10001869,14892.2,10
718,340,3,66,10001882,10425.7,7
406,361,1,66,10001993,8939.32,6
772,8,5,67,10000041,10249.1,6
973,10,4,67,10000049,3420.36,2
753,30,3,67,10000181,19472.2,11
124,36,1,67,10000215,17186.6,10
270,40,3,67,10000234,5128.29,3
571,52,3,67,10000291,18779.7,11
671,73,1,67,10000410,15519.8,9
4,111,2,67,10000624,18777.2,11
877,115,4,67,10000639,17068.8,10
540,125,5,67,10000689,6837.72,4
870,132,1,67,10000718,15367.3,9
144,157,4,67,10000871,17070.8,10
254,183,4,67,10001000,20487.2,12
396,196,1,67,10001074,6883.68,4
802,212,1,67,10001154,8543.4,5
661,259,1,67,10001445,29302.5,12
427,283,4,67,10001578,6096.7,3
673,291,1,67,10001636,13656.8,8
881,321,4,67,10001786,13985.3,8
989,323,2,67,10001797,1711.38,1
346,338,4,67,10001874,17075.8,10
182,351,3,67,10001947,13660.4,8
981,15,2,68,10000079,1749.26,1
891,21,4,68,10000124,10450.4,6
252,112,1,68,10000627,3489.72,2
80,166,1,68,10000918,5230.08,3
767,189,3,68,10001031,15669.8,9
750,191,2,68,10001043,5229.78,3
832,195,1,68,10001068,5230.08,3
601,196,5,68,10001071,1749.56,1
650,219,4,68,10001199,3863.74,1
526,231,5,68,10001268,20895.7,12
262,274,1,68,10001528,6972.44,4
965,286,5,68,10001594,8709.8,5
673,300,5,68,10001688,3490.12,2
776,311,4,68,10001740,10454.4,6
364,337,1,68,10001870,16781.8,8
510,362,4,68,10001999,1747.56,1
737,2,2,69,10000007,12814,8
615,21,1,69,10000128,9611.38,6
720,43,1,69,10000248,19217.8,12
932,93,1,69,10000532,3199.46,2
820,114,5,69,10000635,16208.4,10
351,136,1,69,10000746,5254.22,2
244,139,5,69,10000761,16020.3,10
888,154,3,69,10000843,4813.04,3
270,159,2,69,10000882,7245,4
182,174,3,69,10000962,15747.9,6
358,194,2,69,10001065,17617.9,11
561,218,1,69,10001188,7084.36,4
767,226,2,69,10001240,9105.09,1
363,248,1,69,10001375,19262.6,11
414,249,3,69,10001382,4846.12,3
811,307,5,69,10001715,7494.12,4
658,325,2,69,10001811,9612.78,6
728,340,1,69,10001881,3210.46,2
114,5,1,70,10000028,133.85,5
942,9,2,70,10000044,86.01,3
77,15,5,70,10000081,212.76,8
604,23,3,70,10000145,570.56,11
259,26,4,70,10000160,294.67,11
106,37,2,70,10000220,113.68,4
825,126,2,70,10000693,5536.34,3
243,134,1,70,10000732,3208.07,3
875,150,4,70,10000819,134.85,5
650,219,3,70,10001199,3863.74,11
313,248,3,70,10001376,1054.3,4
27,275,5,70,10001537,2995.24,1
939,328,5,70,10001823,30.97,1
94,357,3,70,10001977,11083.2,1
859,4,3,71,10000014,146.97,7
54,30,3,71,10000186,162.68,8
968,40,5,71,10000229,332.08,8
194,62,1,71,10000350,192.92,8
791,66,2,71,10000365,65.98,3
716,66,5,71,10000366,280.62,12
963,67,1,71,10000370,248.12,12
901,82,2,71,10000468,236.92,12
787,125,2,71,10000686,3004.61,5
217,155,3,71,10000858,817.49,11
840,172,5,71,10000946,119.56,4
618,199,5,71,10001089,188.64,9
657,208,3,71,10001132,154.68,8
610,237,1,71,10001315,1347.47,7
883,250,2,71,10001385,187.94,9
871,273,5,71,10001521,5592.67,12
357,275,3,71,10001535,7576.24,4
912,328,5,71,10001824,48.92,2
585,334,3,71,10001856,5593.87,7
805,344,1,71,10001904,204.6,10
686,10,4,72,10000052,126.68,2
385,28,2,72,10000171,251.16,4
247,58,2,72,10000326,610.4,10
647,64,1,72,10000354,607.4,10
856,88,3,72,10000501,552.31,9
580,112,3,72,10000626,431.13,7
144,113,1,72,10000632,556.76,9
188,145,2,72,10000799,10443.6,2
372,153,4,72,10000836,739.08,12
731,173,4,72,10000954,680.24,11
988,206,1,72,10001117,314.2,5
759,233,5,72,10001279,372.04,6
905,235,4,72,10001302,619.4,10
298,241,2,72,10001338,1900.66,10
177,241,3,72,10001341,429.13,7
419,247,4,72,10001371,505.95,7
785,260,2,72,10001451,1179.42,5
423,260,1,72,10001452,5518.51,6
981,271,2,72,10001510,2514.53,11
999,331,2,72,10001843,2479.68,6
989,343,5,72,10001895,5774.58,9
649,358,1,72,10001980,429.48,7
748,362,2,72,10001997,3380.76,4
748,362,5,72,10001997,3380.76,2
148,1,2,73,10000004,1065.02,11
538,14,5,73,10000076,872.08,9
179,14,4,73,10000077,393.48,4
786,18,4,73,10000102,870.08,9
398,28,5,73,10000170,393.48,4
865,36,2,73,10000214,22599.6,12
664,37,1,73,10000218,872.28,9
857,40,1,73,10000230,488.6,5
284,41,5,73,10000241,1110.99,11
937,54,3,73,10000299,867.83,9
74,78,5,73,10000454,203.24,2
734,111,2,73,10000619,5161.33,6
574,121,5,73,10000672,293.36,3
146,129,3,73,10000711,2879.17,11
952,140,2,73,10000763,867.38,9
561,218,1,73,10001188,7084.36,7
771,221,1,73,10001210,688.02,6
296,221,3,73,10001212,488.35,5
996,233,1,73,10001277,428.88,3
53,233,1,73,10001290,4373.08,8
387,234,1,73,10001298,572.52,6
570,251,5,73,10001395,5326.58,8
78,260,5,73,10001454,874.08,9
941,264,3,73,10001470,394.48,4
13,265,2,73,10001478,2724.41,4
399,276,1,73,10001539,1062.12,11
807,278,2,73,10001548,2741.58,5
375,294,2,73,10001652,637.21,1
679,303,1,73,10001699,202.84,2
999,307,3,73,10001713,8678.63,6
668,311,3,73,10001744,1253.92,11
809,324,2,73,10001802,716.9,3
184,331,2,73,10001848,388.28,4
222,10,4,74,10000055,1218.04,3
180,12,5,74,10000064,175.6,10
239,17,3,74,10000098,1587.27,5
124,36,4,74,10000215,17186.6,6
263,62,5,74,10000349,78.84,4
386,64,4,74,10000356,4006.85,1
510,73,5,74,10000411,28.96,1
307,96,2,74,10000548,61.98,3
961,139,4,74,10000759,96.8,5
67,141,1,74,10000779,113.56,6
534,153,5,74,10000834,8739.32,8
117,153,4,74,10000839,118.76,6
286,198,1,74,10001086,4653.1,11
199,212,4,74,10001158,46.92,2
496,237,2,74,10001316,110.96,6
279,237,5,74,10001317,76.84,4
34,257,1,74,10001434,188.6,10
337,278,2,74,10001551,169.94,9
496,287,2,74,10001604,63.98,3
501,323,3,74,10001798,926.67,4
258,325,5,74,10001815,148.68,8
21,5,3,75,10000029,1708.68,8
154,29,1,75,10000177,4262.08,11
448,34,5,75,10000209,1494.22,7
968,54,1,75,10000298,15211,3
769,73,5,75,10000409,219.46,1
17,73,4,75,10000418,433.92,2
744,87,3,75,10000497,2345.31,11
224,91,4,75,10000526,1907.14,9
721,110,3,75,10000615,645.63,3
288,129,3,75,10000710,1492.47,7
348,133,5,75,10000727,1708.68,8
887,140,2,75,10000765,1490.12,7
952,155,3,75,10000852,855.84,4
787,197,5,75,10001078,1710.68,8
215,221,2,75,10001214,217.16,1
542,223,5,75,10001227,19633.8,3
293,238,4,75,10001323,2131.6,10
298,241,3,75,10001338,1900.66,6
425,257,5,75,10001433,2133.6,10
570,259,4,75,10001446,219.46,1
412,303,4,75,10001700,1073.3,5
313,306,2,75,10001711,1098.78,5
779,329,5,75,10001833,2556.52,12
590,338,1,75,10001872,596.26,1
270,356,4,75,10001971,2346.06,11
428,359,3,75,10001987,1068.05,5
496,19,5,76,10000113,355.48,9
119,20,1,76,10000121,126.56,3
604,23,1,76,10000145,570.56,7
380,29,4,76,10000176,314.76,8
749,32,4,76,10000199,2285.42,9
735,32,1,76,10000200,84.04,2
372,60,2,76,10000337,75.84,2
530,91,3,76,10000523,1174.94,10
828,92,4,76,10000527,346.48,9
696,127,2,76,10000698,8984.44,1
474,154,5,76,10000845,202.6,5
948,161,5,76,10000893,49.72,1
324,169,2,76,10000932,2880.24,6
287,185,4,76,10001015,7426.08,4
628,206,2,76,10001118,122.26,3
943,234,5,76,10001292,128.9,1
215,288,5,76,10001619,49.72,1
632,289,3,76,10001625,124.41,3
738,302,1,76,10001694,88.04,2
217,329,1,76,10001836,1333.82,9
989,343,3,76,10001895,5774.58,3
778,3,5,77,10000012,670.28,8
635,19,2,77,10000111,3871.26,3
753,30,5,77,10000181,19472.2,1
735,33,2,77,10000203,387.9,5
853,39,5,77,10000227,839.48,11
544,67,3,77,10000374,1355.8,12
621,78,1,77,10000450,533.36,7
48,80,3,77,10000460,765.3,10
333,90,5,77,10000518,238.04,3
38,103,3,77,10000579,765.3,10
800,105,4,77,10000588,86.68,1
231,108,1,77,10000609,599.06,2
205,122,1,77,10000677,688.32,9
571,124,5,77,10000682,1584.12,6
981,127,1,77,10000695,828.28,11
663,136,2,77,10000742,308.52,4
655,140,5,77,10000768,903.16,12
775,144,4,77,10000789,162.36,2
866,157,5,77,10000866,238.04,3
270,159,4,77,10000882,7245,11
628,163,3,77,10000906,763.3,10
336,196,1,77,10001077,537.36,7
450,212,4,77,10001156,383.4,5
940,226,3,77,10001237,835.73,11
941,241,4,77,10001334,238.04,3
172,258,4,77,10001443,465.08,6
11,265,5,77,10001479,80.68,1
435,288,5,77,10001615,504.4,4
188,289,1,77,10001629,684.32,9
447,296,3,77,10001664,683.87,9
590,307,5,77,10001718,917.16,12
469,335,4,77,10001859,763.8,10
945,10,2,78,10000050,194.52,12
360,17,5,78,10000095,241.95,2
135,46,5,78,10000264,42.52,2
851,48,2,78,10000270,39.92,2
102,90,1,78,10000520,147.04,9
745,97,4,78,10000549,3266.96,11
812,98,2,78,10000556,97.76,6
820,114,4,78,10000635,16208.4,12
286,152,1,78,10000828,505.42,6
729,169,4,78,10000929,14.76,1
250,192,3,78,10001050,67.04,4
535,216,4,78,10001179,131.08,8
535,220,5,78,10001208,36.52,2
994,224,4,78,10001229,200.12,12
393,226,5,78,10001243,87.8,5
593,248,3,78,10001374,177.61,11
868,253,2,78,10001404,552.92,10
563,262,5,78,10001461,52.28,3
895,264,2,78,10001471,137.86,5
616,283,3,78,10001576,259.07,9
632,321,1,78,10001790,40.12,2
433,328,1,78,10001828,115.92,7
5,342,2,78,10001894,119.22,7
602,349,2,78,10001931,146.14,9
546,30,2,79,10000184,840.04,4
327,38,2,79,10000225,2303.36,11
735,50,2,79,10000283,5180.7,8
708,59,2,79,10000329,846.04,4
807,65,3,79,10000360,842.24,4
97,87,3,79,10000500,1055.05,5
812,92,2,79,10000528,1927.52,8
243,134,3,79,10000732,3208.07,10
109,154,2,79,10000849,3055.33,12
559,308,2,79,10001722,2094.6,10
468,102,1,80,10000573,125.88,8
484,113,2,80,10000630,887.08,11
923,116,2,80,10000647,68.04,4
420,145,5,80,10000797,189.72,12
435,171,2,80,10000943,134.84,9
840,172,1,80,10000946,119.56,2
983,185,5,80,10001008,37.12,2
693,201,4,80,10001099,138.9,1
281,211,3,80,10001149,204.46,11
729,227,2,80,10001244,49.28,3
139,234,3,80,10001300,155.13,1
381,238,2,80,10001322,12782.1,11
11,251,3,80,10001396,125.48,8
815,252,4,80,10001398,125.48,8
158,259,5,80,10001448,155.6,10
37,259,3,80,10001449,303.77,10
283,268,1,80,10001491,138.74,9
27,275,3,80,10001537,2995.24,10
548,287,5,80,10001603,5786.8,2
658,298,1,80,10001678,157.6,10
936,310,4,80,10001736,57.24,4
732,334,5,80,10001855,172.66,11
146,335,4,80,10001863,2560.84,4
347,346,4,80,10001918,65.24,4
241,358,2,80,10001983,66.04,4
346,17,2,81,10000096,447.12,9
126,21,2,81,10000131,593.16,12
641,25,4,81,10000156,206.92,4
274,50,3,81,10000286,536.03,11
868,64,4,81,10000353,249.9,5
98,109,3,81,10000614,547.03,11
36,133,2,81,10000728,59.68,1
464,200,4,81,10001096,549.78,11
364,207,4,81,10001126,1734.2,3
264,211,3,81,10001150,346.11,7
920,212,2,81,10001153,143.04,3
927,228,2,81,10001250,243.4,5
917,229,1,81,10001254,394.04,1
606,241,2,81,10001335,595.16,12
701,288,2,81,10001612,544.48,11
633,346,2,81,10001917,102.36,2
415,348,2,81,10001928,4134.54,3
865,61,2,82,10000341,3854.66,4
92,73,2,82,10000417,1152.04,2
876,76,2,82,10000436,23.8,10
212,163,5,82,10000909,14.9,5
897,207,4,82,10001122,27.98,11
793,253,2,82,10001405,18.4,5
733,253,5,82,10001406,262.09,3
141,283,5,82,10001580,13.36,2
530,302,4,82,10001696,10078.7,2
290,306,4,82,10001712,9.72,4
163,316,4,82,10001765,22.08,6
318,322,2,82,10001796,18.8,10
273,331,5,82,10001847,30.8,10
384,341,4,82,10001887,26.8,10
959,362,4,82,10001996,15.54,3
967,5,1,83,10000025,33.12,1
707,12,5,83,10000063,164.92,6
203,74,1,83,10000426,296.32,11
976,124,3,83,10000680,37.07,1
207,155,4,83,10000859,37.32,1
18,189,5,83,10001036,7814.24,5
575,193,4,83,10001056,166.92,6
67,207,5,83,10001129,215.56,8
561,213,4,83,10001161,37.32,1
803,234,1,83,10001293,1735.78,9
848,235,3,83,10001303,191.49,7
525,285,3,83,10001591,113.28,4
366,292,1,83,10001643,61.24,2
501,323,1,83,10001798,926.67,7
349,335,5,83,10001860,322.84,12
124,22,3,84,10000140,1342.24,12
879,38,3,84,10000222,452.08,4
186,53,4,84,10000297,1120.2,10
671,65,3,84,10000362,672.62,6
88,154,4,84,10000850,1005.68,9
228,155,4,84,10000857,341.56,3
692,156,4,84,10000862,15457.7,5
691,185,3,84,10001011,1230.97,11
947,215,4,84,10001172,6137.22,11
767,250,5,84,10001386,117.52,1
474,254,3,84,10001416,783.89,7
165,287,1,84,10001606,14306.9,7
616,311,4,84,10001745,899.16,8
392,356,5,84,10001969,899.16,8
355,41,4,85,10000239,238.14,3
611,43,4,85,10000250,75.38,1
766,69,3,85,10000383,309.52,4
863,73,5,85,10000408,692.42,9
552,82,1,85,10000469,880.28,9
773,98,4,85,10000557,4652.48,1
141,102,1,85,10000576,614.44,8
846,106,5,85,10000593,706.4,7
574,106,5,85,10000597,927.56,12
258,149,3,85,10000815,537.91,7
249,149,3,85,10000816,570.81,4
846,159,3,85,10000878,6616.01,6
592,196,3,85,10001072,846.43,11
124,213,2,85,10001162,615.64,8
943,234,1,85,10001292,128.9,1
381,238,3,85,10001322,12782.1,10
386,267,4,85,10001485,163.76,2
27,275,3,85,10001537,2995.24,10
3,283,1,85,10001582,5937.06,6
250,300,4,85,10001689,692.42,9
321,317,5,85,10001768,1932.1,3
859,351,5,85,10001944,163.76,2
89,21,4,86,10000132,4270.75,5
912,24,2,86,10000148,7423.14,8
753,30,4,86,10000181,19472.2,11
865,36,1,86,10000214,22599.6,8
954,103,2,86,10000577,29.1,5
471,105,2,86,10000589,48.38,9
702,106,1,86,10000595,697.04,5
909,242,1,86,10001344,46.36,8
802,260,4,86,10001450,56.2,10
895,264,2,86,10001471,137.86,8
43,311,3,86,10001751,5527.86,4
149,338,1,86,10001875,8627.82,11
998,358,2,86,10001978,47.56,8
324,9,2,87,10000046,2128.83,8
799,32,1,87,10000198,142.45,7
321,35,4,87,10000212,334.63,9
968,40,3,87,10000229,332.08,8
653,57,2,87,10000314,45.5,2
184,115,5,87,10000643,16467,4
425,121,1,87,10000673,665.05,5
617,125,3,87,10000688,144.1,7
289,130,4,87,10000712,40.1,2
550,135,1,87,10000736,125.1,6
504,143,5,87,10000787,1199.54,5
436,162,4,87,10000902,184.72,4
576,167,1,87,10000920,121.1,6
77,172,5,87,10000949,2142.97,8
576,199,4,87,10001090,124.5,5
860,210,2,87,10001141,103.25,5
281,211,4,87,10001149,204.46,1
505,244,5,87,10001354,108.75,5
542,258,3,87,10001441,261.98,11
825,262,5,87,10001460,83.2,4
652,286,4,87,10001597,85.2,4
500,298,1,87,10001680,867,12
406,328,2,87,10001829,808.51,3
559,330,2,87,10001840,3524.06,12
343,347,3,87,10001923,43.6,2
697,348,4,87,10001925,163.4,8
194,351,1,87,10001946,1150.98,9
11,8,4,88,10000043,226.84,3
383,18,4,88,10000104,523.96,7
64,72,3,88,10000407,73.03,1
438,79,5,88,10000457,78.28,1
988,86,3,88,10000490,155.06,2
908,121,5,88,10000670,668.52,9
207,146,4,88,10000801,155.56,2
770,174,1,88,10000960,2315.56,6
384,196,2,88,10001075,515.86,7
882,240,1,88,10001329,741.8,10
803,242,5,88,10001346,1599.26,8
408,253,1,88,10001410,2415.98,11
668,269,1,88,10001497,80.08,1
559,274,5,88,10001527,595.24,8
36,280,3,88,10001563,805.33,11
669,291,3,88,10001637,449.18,6
228,297,1,88,10001676,883.96,12
364,305,5,88,10001707,371.4,5
213,315,4,88,10001761,886.36,12
813,326,3,88,10001817,666.27,9
845,336,5,88,10001865,3535.4,8
997,350,4,88,10001935,82.28,1
334,4,3,89,10000019,360.44,7
446,22,1,89,10000137,763.02,8
811,24,1,89,10000149,17.85,7
405,44,4,89,10000256,7234.32,8
305,48,1,89,10000273,15.2,4
676,49,3,89,10000278,15,4
930,74,3,89,10000419,22.5,11
935,90,3,89,10000513,6.5,1
155,92,3,89,10000531,7511.98,10
652,136,5,89,10000743,16,4
805,138,2,89,10000755,17.15,7
959,142,4,89,10000780,6715.65,4
580,143,3,89,10000785,460.7,5
821,145,1,89,10000794,14.1,2
392,154,3,89,10000846,27.5,11
693,168,4,89,10000923,550.22,10
789,170,3,89,10000934,281.5,1
763,173,4,89,10000953,12.75,1
157,178,5,89,10000976,1853.57,7
318,184,2,89,10001007,16071.7,6
491,185,2,89,10001013,18.05,9
625,191,1,89,10001046,15.85,7
576,199,5,89,10001090,124.5,5
378,214,4,89,10001168,19.75,5
875,251,2,89,10001392,2131.02,7
449,283,5,89,10001577,107.99,11
488,308,4,89,10001723,13.75,5
741,327,4,89,10001819,18,4
786,331,2,89,10001846,15.35,3
987,344,2,89,10001902,18.6,8
566,355,5,89,10001963,10.5,2
748,358,1,89,10001979,29.6,12
360,17,3,90,10000095,241.95,7
209,37,2,90,10000219,334.28,12
846,47,3,90,10000267,1307.34,1
298,48,4,90,10000274,136.7,5
665,80,4,90,10000458,232.92,8
197,83,1,90,10000483,115.16,4
340,92,5,90,10000530,88.22,3
576,106,1,90,10000596,236.29,4
254,135,1,90,10000737,211.48,6
952,160,1,90,10000884,89.62,3
912,168,2,90,10000921,2403.16,6
981,173,3,90,10000950,65.98,2
472,175,4,90,10000963,64.48,2
202,219,3,90,10001203,279.9,10
586,231,4,90,10001267,280.4,10
165,233,4,90,10001285,260.66,9
363,248,5,90,10001375,19262.6,9
37,259,3,90,10001449,303.77,1
214,342,1,90,10001893,6238.82,7
176,361,2,90,10001994,3266.72,3
778,3,1,91,10000012,670.28,3
347,66,4,91,10000368,64.92,4
490,96,1,91,10000547,1047.58,6
613,135,5,91,10000735,139.32,9
881,136,4,91,10000740,4851.89,2
530,143,4,91,10000786,622.68,6
44,152,3,91,10000830,561.46,2
510,158,4,91,10000874,153.8,10
173,199,1,91,10001091,423.52,2
693,201,3,91,10001099,138.9,8
681,221,5,91,10001211,82.88,6
235,225,5,91,10001235,135.32,9
353,232,5,91,10001275,233.45,9
139,234,5,91,10001300,155.13,9
550,250,5,91,10001387,122.84,8
777,256,4,91,10001427,97.88,6
780,270,3,91,10001505,181.76,12
169,311,4,91,10001749,168.28,11
683,322,3,91,10001794,29.46,2
546,324,3,91,10001805,5127.57,4
553,325,4,91,10001812,377.04,2
108,346,3,91,10001919,124.84,8
614,357,5,91,10001974,66.92,4
93,2,1,92,10000011,7248.06,8
439,17,2,92,10000094,206.9,10
870,19,2,92,10000109,190.71,9
34,31,3,92,10000195,87.96,4
721,88,2,92,10000502,152.33,7
447,88,3,92,10000506,91.96,4
445,129,5,92,10000708,230.39,11
560,147,4,92,10000807,45.98,2
21,153,2,92,10000841,7287.72,3
655,177,2,92,10000970,229.09,11
992,184,2,92,10001002,170.52,8
213,207,2,92,10001128,51.38,2
924,208,5,92,10001130,27.49,1
299,208,1,92,10001133,265.38,10
299,208,3,92,10001133,265.38,2
979,215,2,92,10001171,87.76,4
384,252,5,92,10001402,250.88,12
598,267,3,92,10001483,2388.6,8
893,292,2,92,10001642,65.57,3
872,294,3,92,10001650,130.44,6
477,319,3,92,10001775,207.4,10
890,344,3,92,10001903,2373.3,6
66,345,2,92,10001914,206.9,10
495,33,5,93,10000205,2009.74,8
581,38,2,93,10000223,185,8
892,46,5,93,10000261,1736.3,2
714,62,5,93,10000346,252.3,11
198,72,2,93,10000405,251,11
332,128,3,93,10000702,73.15,3
488,133,4,93,10000725,247.3,11
68,139,4,93,10000762,31.3,1
133,155,3,93,10000860,97.2,4
757,170,2,93,10000935,225,10
732,171,5,93,10000939,268.6,12
383,174,4,93,10000961,228,10
802,208,5,93,10001131,209.7,9
466,247,4,93,10001370,120.5,5
963,258,5,93,10001437,16290.1,11
645,290,3,93,10001634,183.4,8
11,292,2,93,10001647,2142.04,5
59,293,5,93,10001649,1149.9,10
473,341,3,93,10001886,229.5,10
590,8,4,94,10000042,65.98,2
153,56,3,94,10000311,263.16,9
223,67,5,94,10000377,267.41,9
551,86,1,94,10000491,95.87,3
639,89,2,94,10000508,65.38,2
361,114,2,94,10000637,123.76,4
341,122,2,94,10000676,2423,10
641,133,4,94,10000724,65.98,2
254,135,3,94,10000737,211.48,1
736,141,3,94,10000775,1631.28,2
843,153,2,94,10000832,262.71,9
856,177,1,94,10000968,178.74,6
292,183,5,94,10000999,858.77,5
664,185,3,94,10001012,148.2,5
888,193,1,94,10001054,122.16,4
918,220,5,94,10001205,177.94,6
73,247,1,94,10001373,263.61,9
605,261,2,94,10001457,5636.05,10
767,297,3,94,10001669,234.92,8
43,311,2,94,10001751,5527.86,10
710,320,4,94,10001779,934.67,5
968,322,2,94,10001793,2562.4,7
109,336,5,94,10001867,144.45,5
851,62,5,95,10000345,3372.7,3
694,69,2,95,10000384,2726.8,5
290,83,3,95,10000482,95.5,2
984,90,3,95,10000512,146.75,3
830,107,5,95,10000603,375,8
847,108,2,95,10000608,814.67,11
930,116,2,95,10000646,191.8,4
44,152,3,95,10000830,561.46,12
571,171,4,95,10000941,50.5,1
809,181,3,95,10000983,2342.45,12
376,188,3,95,10001028,56.25,1
395,204,1,95,10001110,186.2,4
52,215,3,95,10001177,56.25,1
771,221,3,95,10001210,688.02,2
628,236,1,95,10001307,712.45,5
732,237,4,95,10001314,404.3,4
575,240,5,95,10001330,191,4
404,240,2,95,10001332,584.4,9
865,275,3,95,10001531,5032.13,1
312,293,2,95,10001648,146.6,3
989,335,5,95,10001857,280,6
374,347,5,95,10001922,143.5,3
137,18,2,96,10000107,235.9,5
972,25,2,96,10000152,16567.5,11
152,28,2,96,10000172,1502.77,3
501,48,2,96,10000272,420.62,9
501,59,3,96,10000330,473.3,10
546,72,4,96,10000402,241.4,5
605,84,2,96,10000484,288.08,6
563,90,2,96,10000516,2268.73,6
46,119,5,96,10000665,237.4,5
14,193,4,96,10001060,562.76,12
7,199,5,96,10001092,376.84,8
569,219,4,96,10001200,1917.88,3
203,224,5,96,10001233,568.76,12
917,229,2,96,10001254,394.04,7
118,238,4,96,10001325,51.48,1
11,248,4,96,10001381,53.48,1
310,263,1,96,10001467,617.24,8
950,287,4,96,10001601,330.36,7
62,301,5,96,10001691,475.8,10
228,308,4,96,10001725,378.84,8
984,325,1,96,10001807,360.9,1
553,355,3,96,10001964,149.69,3
170,21,5,97,10000130,175.64,3
800,33,3,97,10000202,551.3,10
922,50,1,97,10000281,118.36,2
275,57,1,97,10000317,557.8,10
544,67,2,97,10000374,1355.8,8
363,74,1,97,10000422,503.12,9
953,75,1,97,10000429,223.72,4
846,106,2,97,10000593,706.4,3
600,117,2,97,10000656,496.22,9
425,121,3,97,10000673,665.05,10
848,123,5,97,10000678,610.68,11
8,164,4,97,10000913,559.8,10
732,180,4,97,10000980,660.56,12
476,192,3,97,10001049,1396.42,6
863,213,2,97,10001160,775.4,10
526,233,5,97,10001283,1100.64,7
225,240,1,97,10001333,223.72,4
813,246,4,97,10001365,279.4,5
616,265,2,97,10001475,4872.68,1
358,297,5,97,10001675,500.92,9
406,328,4,97,10001829,808.51,12
967,13,2,98,10000068,3481.76,5
419,16,4,98,10000087,672.17,11
719,65,3,98,10000361,1039.28,4
296,74,3,98,10000424,550.98,9
552,82,3,98,10000469,880.28,3
265,90,3,98,10000519,546.98,9
102,107,1,98,10000607,5858.72,4
45,110,3,98,10000617,481.76,8
571,124,1,98,10000682,1584.12,8
329,128,1,98,10000703,1720.21,11
650,160,1,98,10000886,7613.61,3
21,193,1,98,10001059,541.43,9
907,202,1,98,10001103,3084.74,10
473,222,1,98,10001222,730.24,12
756,231,4,98,10001265,613.7,10
174,284,5,98,10001585,250.88,4
844,321,4,98,10001787,434.29,7
759,12,4,99,10000062,621.86,9
855,17,3,99,10000091,555.32,8
842,18,4,99,10000100,617.86,9
321,35,1,99,10000212,334.63,2
127,49,2,99,10000279,755.64,11
618,54,1,99,10000301,210.02,3
688,67,3,99,10000372,418.74,6
542,86,4,99,10000492,762.94,11
951,94,5,99,10000536,3075.68,10
871,121,3,99,10000671,762.19,11
689,144,3,99,10000790,751.19,11
818,158,4,99,10000872,621.86,9
678,161,4,99,10000896,210.62,3
107,172,2,99,10000948,213.72,3
421,175,5,99,10000964,281.16,4
46,185,1,99,10001017,4464.44,11
980,231,5,99,10001261,285.16,4
631,234,2,99,10001296,77.24,1
989,242,4,99,10001343,285.16,4
80,248,4,99,10001379,696.4,10
967,269,5,99,10001496,827.48,12
340,279,2,99,10001558,1615.6,12
392,281,2,99,10001567,827.88,12
909,288,5,99,10001608,553.32,8
458,348,5,99,10001927,1955.62,1
400,349,5,99,10001933,623.86,9
464,10,3,100,10000054,232.08,3
512,17,1,100,10000093,7661.87,10
446,22,3,100,10000137,763.02,4
675,123,1,100,10000679,372.05,5
441,129,1,100,10000709,747.94,6
826,142,4,100,10000782,603.88,8
397,193,4,100,10001058,5520.7,10
353,232,1,100,10001275,233.45,1
589,258,2,100,10001440,83.31,1
308,263,1,100,10001468,11249.3,2
977,278,1,100,10001546,3357.75,9
68,310,1,100,10001739,2521.04,8
546,324,2,100,10001805,5127.57,6
487,356,1,100,10001968,827.51,11
736,1,2,101,10000001,91.77,1
401,38,2,101,10000224,455.85,5
975,55,3,101,10000304,549.92,6
749,68,1,101,10000379,824.83,9
734,111,5,101,10000619,5161.33,3
902,124,5,101,10000681,5806.34,2
200,148,2,101,10000811,10399.5,1
575,153,3,101,10000833,913.2,10
534,153,1,101,10000834,8739.32,12
969,157,5,101,10000865,917.7,10
904,200,1,101,10001093,828.83,9
385,211,1,101,10001147,995.57,11
672,214,5,101,10001164,826.63,9
654,215,3,101,10001174,3612.55,6
575,217,5,101,10001182,4053.09,7
45,225,1,101,10001236,188.74,2
803,242,3,101,10001346,1599.26,11
233,253,1,101,10001412,279.61,3
233,267,1,101,10001486,858.04,4
568,270,3,101,10001508,1950.96,11
855,291,1,101,10001635,1960.39,10
950,302,2,101,10001693,549.62,6
879,304,2,101,10001702,101.77,1
6,327,1,101,10001822,461.35,5
180,328,1,101,10001830,2765.92,8
222,10,2,102,10000055,1218.04,12
45,16,3,102,10000089,393.92,4
4,20,1,102,10000122,5309.94,7
801,41,3,102,10000236,588.38,6
983,49,2,102,10000276,582.08,6
948,81,2,102,10000461,588.08,6
370,160,4,102,10000889,1066.28,11
623,193,4,102,10001055,589.88,6
677,202,3,102,10001104,299.69,3
426,236,3,102,10001309,203.46,2
894,242,1,102,10001345,678.96,7
904,270,3,102,10001504,1063.53,11
662,289,3,102,10001624,488.15,5
939,297,4,102,10001667,776.84,8
483,306,3,102,10001709,1063.53,11
710,320,1,102,10001779,934.67,5
466,347,4,102,10001921,1295.71,2
441,29,1,103,10000175,1453.8,10
546,50,4,103,10000284,871.88,6
386,64,2,103,10000356,4006.85,12
936,65,4,103,10000359,1018.36,7
11,76,1,103,10000442,872.68,6
489,88,1,103,10000504,1594.08,11
828,95,3,103,10000541,443.69,3
346,102,4,103,10000574,1738.76,12
613,116,3,103,10000649,861.38,6
366,136,1,103,10000745,828.32,5
503,140,4,103,10000771,727.4,5
317,241,2,103,10001337,731.9,5
348,250,1,103,10001388,434.84,3
598,267,1,103,10001483,2388.6,2
11,358,4,103,10001985,1311.32,9
728,362,3,103,10001998,2171.22,10
733,11,5,104,10000057,1042.69,7
627,55,2,104,10000308,299.74,2
916,57,4,104,10000313,1044.69,7
533,58,5,104,10000324,318.26,2
128,71,1,104,10000400,1041.29,7
671,73,1,104,10000410,15519.8,1
867,90,3,104,10000515,893.52,6
635,127,5,104,10000699,1336.03,9
217,155,4,104,10000858,817.49,4
551,204,1,104,10001109,1774.64,12
737,215,4,104,10001173,1485.7,10
569,219,2,104,10001200,1917.88,12
53,233,2,104,10001290,4373.08,11
901,246,5,104,10001364,156.67,1
791,251,2,104,10001393,745.85,5
137,263,4,104,10001469,1487.7,10
981,271,2,104,10001510,2514.53,4
607,289,2,104,10001626,1777.44,12
855,291,5,104,10001635,1960.39,7
124,311,5,104,10001750,745.35,5
889,316,4,104,10001763,1340.03,9
212,318,4,104,10001771,304.34,2
447,343,5,104,10001897,1040.69,7
152,28,4,105,10000172,1502.77,9
680,35,4,105,10000211,759.35,5
735,55,1,105,10000306,1506.7,10
814,61,3,105,10000342,609.88,4
284,73,3,105,10000414,752.1,5
759,74,4,105,10000420,1281.21,8
398,144,4,105,10000791,610.88,4
767,154,5,105,10000844,1515.7,10
315,173,4,105,10000957,157.47,1
646,207,5,105,10001124,155.47,1
803,234,4,105,10001293,1735.78,10
438,246,4,105,10001367,3474.07,3
761,295,4,105,10001655,1666.17,11
717,324,3,105,10001803,307.44,2
450,339,5,105,10001878,7228.14,4
743,10,3,106,10000051,1693.2,10
651,13,5,106,10000069,1186.29,7
724,42,5,106,10000244,2026.64,12
411,69,1,106,10000388,2090.91,9
799,81,3,106,10000462,3085.82,9
554,89,2,106,10000510,1182.19,7
568,95,2,106,10000542,1016.02,6
105,98,5,106,10000562,1527.23,9
825,126,1,106,10000693,5536.34,8
631,149,2,106,10000814,1352.36,8
855,178,1,106,10000973,1393.26,7
307,181,4,106,10000989,1810.62,6
639,201,1,106,10001100,852.35,5
221,217,2,106,10001186,2027.04,12
280,224,3,106,10001232,841.1,5
384,230,5,106,10001259,1693.7,10
537,233,4,106,10001282,6937.97,9
29,252,4,106,10001403,847.35,5
690,256,5,106,10001428,682.88,4
510,262,3,106,10001462,515.66,3
27,275,5,106,10001537,2995.24,6
994,290,4,106,10001633,514.41,3
11,292,2,106,10001647,2142.04,12
461,299,2,106,10001684,513.51,3
611,315,2,106,10001760,1188.19,7
171,329,5,106,10001837,343.94,2
865,340,3,106,10001880,1861.42,11
797,341,4,106,10001884,849.35,5
890,344,2,106,10001903,2373.3,12
593,359,3,106,10001986,2025.64,12
895,34,2,107,10000208,2040.8,10
904,37,5,107,10000217,1838.12,9
857,47,3,107,10000266,1636.92,4
386,64,3,107,10000356,4006.85,11
564,67,2,107,10000373,915.94,3
766,98,3,107,10000558,2244.73,11
504,118,3,107,10000661,1229.58,6
902,150,5,107,10000818,214.68,1
257,170,3,107,10000936,413.86,2
157,178,1,107,10000976,1853.57,9
919,210,1,107,10001140,885.72,4
606,243,5,107,10001349,2045.8,10
315,253,3,107,10001411,2822.07,11
372,264,2,107,10001473,1434.66,7
594,271,1,107,10001513,2249.28,11
807,278,5,107,10001548,2741.58,11
829,285,5,107,10001587,4091.46,5
689,297,2,107,10001671,210.38,1
909,310,1,107,10001737,1150.88,2
546,324,5,107,10001805,5127.57,8
329,340,5,107,10001883,2039.8,10
969,346,2,107,10001915,1231.28,6
772,350,1,107,10001938,1055.38,5
485,47,3,108,10000268,1930.57,9
197,57,4,108,10000318,2148.8,10
400,67,4,108,10000376,3785.06,12
524,69,3,108,10000386,1077.65,5
921,127,2,108,10000697,218.68,1
881,136,5,108,10000740,4851.89,2
882,148,5,108,10000808,12864.1,6
82,154,5,108,10000851,432.96,2
846,161,5,108,10000894,2150.8,10
286,198,3,108,10001086,4653.1,10
413,228,4,108,10001252,1932.82,9
925,251,3,108,10001390,1706.84,8
785,260,2,108,10001451,1179.42,4
903,261,3,108,10001455,1287.38,6
598,267,2,108,10001483,2388.6,9
991,288,5,108,10001607,1294.88,6
811,307,2,108,10001715,7494.12,5
136,347,5,108,10001924,227.61,1
662,350,5,108,10001939,1500.86,7
127,361,5,108,10001995,222.98,1
298,18,5,109,10000106,1737.84,7
264,30,4,109,10000185,2403,10
171,31,2,109,10000192,2876.2,12
892,46,2,109,10000261,1736.3,7
718,71,3,109,10000398,726.45,3
78,74,5,109,10000427,489.8,2
574,89,5,109,10000509,1684.8,7
747,101,3,109,10000567,485.3,2
163,135,3,109,10000738,2163.35,9
597,138,2,109,10000756,1678.7,7
609,166,4,109,10000917,2391,10
17,166,4,109,10000919,2500.21,7
207,189,2,109,10001034,246.1,1
883,196,3,109,10001070,2398.5,10
544,214,3,109,10001167,6551.65,11
654,215,3,109,10001174,3612.55,12
8,236,4,109,10001312,533.44,1
69,291,3,109,10001640,3367.57,7
746,342,1,109,10001890,5157.2,6
899,351,2,109,10001943,2150.9,9
714,7,3,110,10000036,1029.63,3
888,21,1,110,10000125,3073.34,9
641,22,4,110,10000135,9348.53,2
834,45,5,110,10000258,1026.38,3
611,75,1,110,10000432,2386.82,7
30,82,4,110,10000474,2053.76,6
451,101,2,110,10000568,15437.1,12
351,136,5,110,10000746,5254.22,6
528,206,4,110,10001120,685.92,2
575,217,2,110,10001182,4053.09,10
98,222,5,110,10001223,1026.38,3
288,241,1,110,10001339,2392.82,7
209,253,1,110,10001414,4159.24,12
888,256,2,110,10001424,689.32,2
407,270,2,110,10001509,8565.56,11
593,275,2,110,10001534,5363.33,11
180,328,2,110,10001830,2765.92,6
989,343,5,110,10001895,5774.58,1
683,2,4,111,10000008,1867.35,5
657,44,1,111,10000255,1125.41,3
904,47,2,111,10000265,4092.07,11
842,58,2,111,10000322,941.52,2
63,118,2,111,10000663,6092.14,12
245,120,3,111,10000668,1866.1,5
825,126,1,111,10000693,5536.34,11
458,138,3,111,10000757,3349.78,9
743,145,3,111,10000795,2604.94,7
473,148,1,111,10000809,4091.17,11
912,168,3,111,10000921,2403.16,6
833,176,1,111,10000965,1119.41,3
46,185,4,111,10001017,4464.44,10
55,209,4,111,10001139,2237.02,6
260,221,1,111,10001213,1119.41,3
79,233,5,111,10001289,1495.68,4
239,286,2,111,10001599,3502.24,7
498,338,3,111,10001873,7254.04,12
529,350,4,111,10001940,4465.04,12
99,6,1,112,10000035,4622,12
621,16,4,112,10000083,4628.4,12
830,21,1,112,10000127,1930.75,5
89,21,2,112,10000132,4270.75,11
73,27,5,112,10000169,1929.75,5
321,56,4,112,10000310,1732.9,1
745,97,4,112,10000549,3266.96,8
876,107,2,112,10000602,2697.55,7
93,115,4,112,10000645,5923.05,9
774,136,4,112,10000741,1931.75,5
784,139,2,112,10000760,382.65,1
914,154,1,112,10000842,3463.75,9
792,234,1,112,10001294,1550,4
958,250,3,112,10001384,4820.6,10
406,263,3,112,10001465,8931.66,6
314,288,4,112,10001617,3860.5,10
709,360,1,112,10001990,1930.75,5
630,19,1,113,10000112,3636.8,4
803,55,2,113,10000305,2723.05,3
716,96,3,113,10000544,4548,5
600,104,4,113,10000582,2727.95,3
495,131,5,113,10000716,912.65,1
397,132,1,113,10000720,7270.6,8
534,153,3,113,10000834,8739.32,8
287,185,5,113,10001015,7426.08,8
892,193,2,113,10001052,7329.69,7
919,205,3,113,10001113,1819.8,2
989,206,5,113,10001116,9081.5,10
548,214,3,113,10001166,9079,10
767,226,3,113,10001240,9105.09,5
995,258,4,113,10001435,906.65,1
914,259,4,113,10001444,8175.85,9
485,323,2,113,10001799,7267.8,8
243,325,5,113,10001816,3637.6,4
585,334,4,113,10001856,5593.87,6
358,356,2,113,10001970,3638.4,4
643,4,1,114,10000017,6833.28,4
111,7,1,114,10000040,1834.44,2
633,14,2,114,10000074,3652.48,4
371,23,2,114,10000146,10034.8,11
495,33,3,114,10000205,2009.74,2
91,38,2,114,10000226,16018.3,4
487,51,3,114,10000289,8212.03,9
300,68,3,114,10000380,4567.35,5
266,70,2,114,10000393,4563.1,5
549,84,1,114,10000485,10037.9,11
1000,95,1,114,10000540,6389.04,7
773,98,2,114,10000557,4652.48,5
362,107,1,114,10000606,8210.48,9
446,113,3,114,10000631,8408.73,7
874,156,4,114,10000861,3006.2,2
181,249,1,114,10001383,5524.04,5
588,252,3,114,10001400,7304.36,8
605,261,1,114,10001457,5636.05,2
653,268,4,114,10001488,6237,2
598,273,4,114,10001523,6189.78,6
78,275,1,114,10001536,7944.24,8
828,281,3,114,10001564,9121.7,10
797,285,2,114,10001589,5474.72,6
908,288,3,114,10001609,3655.68,4
792,307,3,114,10001716,10039.4,11
605,321,3,114,10001791,2742.01,3
696,328,4,114,10001825,10950,12
7,351,1,114,10001949,6389.04,7
569,353,3,114,10001954,6386.69,7
512,17,4,115,10000093,7661.87,7
641,22,4,115,10000135,9348.53,9
846,31,1,115,10000187,6625.61,7
284,33,2,115,10000206,6626.91,7
735,50,4,115,10000283,5180.7,3
837,76,2,115,10000437,5681.78,6
451,101,4,115,10000568,15437.1,12
527,197,3,115,10001083,3787.72,4
529,218,3,115,10001189,12500.1,7
381,238,2,115,10001322,12782.1,12
373,255,2,115,10001420,5677.78,6
128,278,3,115,10001553,3846.14,4
979,279,2,115,10001554,9451.3,10
320,314,2,115,10001758,3776.52,4
450,339,3,115,10001878,7228.14,7
989,343,4,115,10001895,5774.58,5
912,24,4,116,10000148,7423.14,6
699,29,4,116,10000174,10315.5,10
91,38,2,116,10000226,16018.3,12
662,55,2,116,10000307,9744.94,2
930,68,4,116,10000378,1201.25,1
430,74,1,116,10000421,1041.25,1
763,79,2,116,10000455,8271.64,8
581,92,5,116,10000529,12374.4,12
902,124,5,116,10000681,5806.34,5
188,145,5,116,10000799,10443.6,10
341,153,5,116,10000837,6193.7,6
21,153,5,116,10000841,7287.72,7
850,162,4,116,10000900,6187.7,6
838,273,5,116,10001522,1037.45,1
635,274,2,116,10001526,15574.6,3
466,277,2,116,10001543,4415.7,2
960,309,2,116,10001727,11336.7,11
888,318,1,116,10001769,4128,4
813,343,4,116,10001896,9285.05,9
446,361,1,116,10001992,6192.5,6
556,10,1,117,10000053,14137.3,12
928,29,5,117,10000173,9887.36,9
654,77,5,117,10000445,13183.5,12
677,96,1,117,10000545,13183.1,12
684,115,5,117,10000640,7691.28,7
512,131,5,117,10000715,7690.28,7
504,143,3,117,10000787,1199.54,1
469,177,3,117,10000972,5488.95,5
290,182,1,117,10000992,1102.84,1
892,193,5,117,10001053,6599.24,6
459,194,1,117,10001063,4396.36,4
544,196,1,117,10001073,3300.52,3
653,268,3,117,10001488,6237,4
463,323,5,117,10001800,2203.08,2
865,36,4,118,10000214,22599.6,12
739,46,3,118,10000262,16037.8,9
968,54,2,118,10000298,15211,7
145,57,3,118,10000319,12479.4,7
314,87,2,118,10000499,16041.4,9
882,148,2,118,10000808,12864.1,6
270,159,3,118,10000881,10698.2,6
65,162,5,118,10000904,21386.4,12
809,181,4,118,10000983,2342.45,1
251,182,1,118,10000993,2656.73,1
473,189,1,118,10001032,17819.5,10
558,197,3,118,10001082,17821,10
619,201,3,118,10001101,5348.6,3
542,223,5,118,10001227,19633.8,10
240,229,5,118,10001256,21384.4,12
963,258,3,118,10001437,16290.1,9
635,274,4,118,10001526,15574.6,7
804,285,3,118,10001588,19299.4,8
584,296,2,118,10001663,17822.5,10
696,325,5,118,10001809,3573.9,2
982,329,3,118,10001831,3569.4,2
